option,connection_leg,_id,datetime_access,days_advance,airport_dep,airport_arr,datetime_dep,datetime_arr,price,n_stops,stops,stop_layover_time,airline,duration,flight_combination,url,departing_flight_id
1,1,a6301a01-384b-4612-8c14-dea2cd3de7ed,2024-06-26 23:27:41.258647,30.0,FCO,FMM,2024-07-26 16:30:00,2024-07-26 18:05:00,19.0,0.0,,,Ryanair,0 days 01:35:00,,https://www.google.com/travel/flights?q=Flights%20to%20FMM%20from%20FCO%20on%202024-07-26%20oneway%20direct&curr=EUR&gl=IT,
1,1,a910cc4b-f85e-4bbd-b9c9-a33554880182,2024-06-26 23:27:41.258647,30.0,FCO,FMM,2024-07-26 07:10:00,2024-07-26 08:50:00,36.0,0.0,,,Wizz Air,0 days 01:40:00,,https://www.google.com/travel/flights?q=Flights%20to%20FMM%20from%20FCO%20on%202024-07-26%20oneway%20direct&curr=EUR&gl=IT,
2,1,0fd7f84d-0a67-4ddc-ad61-e2c30392d69b,2024-06-26 23:27:41.258647,29.0,FCO,AHO,2024-07-25 09:00:00,2024-07-25 10:05:00,49.0,0.0,,,AEROITALIA SRL,0 days 01:05:00,,https://www.google.com/travel/flights?q=Flights%20to%20AHO%20from%20FCO%20on%202024-07-25%20oneway%20direct&curr=EUR&gl=IT,
2,1,fea13a7f-67aa-4bf4-a826-8afa46e0872d,2024-06-26 23:27:41.258647,29.0,FCO,AHO,2024-07-25 13:15:00,2024-07-25 14:20:00,49.0,0.0,,,AEROITALIA SRL,0 days 01:05:00,,https://www.google.com/travel/flights?q=Flights%20to%20AHO%20from%20FCO%20on%202024-07-25%20oneway%20direct&curr=EUR&gl=IT,
2,1,7534a549-583a-4f4d-8b68-5bad73f7df6c,2024-06-26 23:27:41.258647,29.0,FCO,AHO,2024-07-25 17:20:00,2024-07-25 18:25:00,49.0,0.0,,,AEROITALIA SRL,0 days 01:05:00,,https://www.google.com/travel/flights?q=Flights%20to%20AHO%20from%20FCO%20on%202024-07-25%20oneway%20direct&curr=EUR&gl=IT,
2,1,99ff4635-80ac-41ca-a6b0-46cd12e96e10,2024-06-26 23:27:41.258647,29.0,FCO,AHO,2024-07-25 21:25:00,2024-07-25 22:30:00,49.0,0.0,,,AEROITALIA SRL,0 days 01:05:00,,https://www.google.com/travel/flights?q=Flights%20to%20AHO%20from%20FCO%20on%202024-07-25%20oneway%20direct&curr=EUR&gl=IT,
2,2,57f0432f-9825-4b62-a702-8f0e5054b93b,2024-06-26 23:27:41.258647,29.0,AHO,FMM,2024-07-25 11:25:00,2024-07-25 13:05:00,28.0,0.0,,,Ryanair,0 days 01:40:00,,https://www.google.com/travel/flights?q=Flights%20to%20FMM%20from%20AHO%20on%202024-07-25%20oneway%20direct&curr=EUR&gl=IT,
3,1,64bad6cf-6325-49c6-93f1-19e029b5c0b3,2024-06-26 23:27:41.258647,30.0,FCO,AHO,2024-07-26 21:25:00,2024-07-26 22:30:00,54.0,0.0,,,AEROITALIA SRL,0 days 01:05:00,,https://www.google.com/travel/flights?q=Flights%20to%20AHO%20from%20FCO%20on%202024-07-26%20oneway%20direct&curr=EUR&gl=IT,
3,1,63bacb40-5b2c-455e-96e3-238eee078c1a,2024-06-26 23:27:41.258647,30.0,FCO,AHO,2024-07-26 09:00:00,2024-07-26 10:05:00,64.0,0.0,,,AEROITALIA SRL,0 days 01:05:00,,https://www.google.com/travel/flights?q=Flights%20to%20AHO%20from%20FCO%20on%202024-07-26%20oneway%20direct&curr=EUR&gl=IT,
3,1,441e691c-b3fd-43f6-b3fc-96279b49ef53,2024-06-26 23:27:41.258647,30.0,FCO,AHO,2024-07-26 13:15:00,2024-07-26 14:20:00,64.0,0.0,,,AEROITALIA SRL,0 days 01:05:00,,https://www.google.com/travel/flights?q=Flights%20to%20AHO%20from%20FCO%20on%202024-07-26%20oneway%20direct&curr=EUR&gl=IT,
3,1,79c4b0e2-c8b7-454e-8fe8-c4b3141e857b,2024-06-26 23:27:41.258647,30.0,FCO,AHO,2024-07-26 17:20:00,2024-07-26 18:25:00,69.0,0.0,,,AEROITALIA SRL,0 days 01:05:00,,https://www.google.com/travel/flights?q=Flights%20to%20AHO%20from%20FCO%20on%202024-07-26%20oneway%20direct&curr=EUR&gl=IT,
4,1,432e318f-903d-4f13-948c-88988c5fdb22,2024-06-26 23:27:41.258647,29.0,FCO,ALC,2024-07-25 18:35:00,2024-07-25 20:50:00,96.0,0.0,,,VuelingIberia,0 days 02:15:00,,https://www.google.com/travel/flights?q=Flights%20to%20ALC%20from%20FCO%20on%202024-07-25%20oneway%20direct&curr=EUR&gl=IT,
4,1,c9833bee-b968-465d-81f2-2df47f9360f6,2024-06-26 23:27:41.258647,29.0,FCO,ALC,2024-07-25 06:15:00,2024-07-25 08:30:00,103.0,0.0,,,Ryanair,0 days 02:15:00,,https://www.google.com/travel/flights?q=Flights%20to%20ALC%20from%20FCO%20on%202024-07-25%20oneway%20direct&curr=EUR&gl=IT,
5,1,95a3a757-fdbb-4050-bd79-65b1bab85994,2024-06-26 23:27:41.258647,30.0,FCO,ALC,2024-07-26 06:05:00,2024-07-26 08:20:00,60.0,0.0,,,Ryanair,0 days 02:15:00,,https://www.google.com/travel/flights?q=Flights%20to%20ALC%20from%20FCO%20on%202024-07-26%20oneway%20direct&curr=EUR&gl=IT,
5,1,92ce9a0a-a2c0-478e-8181-6cc480055067,2024-06-26 23:27:41.258647,30.0,FCO,ALC,2024-07-26 11:25:00,2024-07-26 13:45:00,80.0,0.0,,,Wizz Air,0 days 02:20:00,,https://www.google.com/travel/flights?q=Flights%20to%20ALC%20from%20FCO%20on%202024-07-26%20oneway%20direct&curr=EUR&gl=IT,
5,2,c4226b75-bf85-4e7e-afa0-31587fc1d4a7,2024-06-26 23:27:41.258647,30.0,ALC,FMM,2024-07-26 07:25:00,2024-07-26 09:50:00,45.0,0.0,,,Ryanair,0 days 02:25:00,,https://www.google.com/travel/flights?q=Flights%20to%20FMM%20from%20ALC%20on%202024-07-26%20oneway%20direct&curr=EUR&gl=IT,
6,1,0d62ea33-019e-49eb-852f-000b0a5f3b8e,2024-06-26 23:27:41.258647,29.0,FCO,BEG,2024-07-25 09:25:00,2024-07-25 11:00:00,255.0,0.0,,,Air Serbia,0 days 01:35:00,,https://www.google.com/travel/flights?q=Flights%20to%20BEG%20from%20FCO%20on%202024-07-25%20oneway%20direct&curr=EUR&gl=IT,
6,2,ae53a37b-7152-4a20-8704-c2c35824bc5a,2024-06-26 23:27:41.258647,29.0,BEG,FMM,2024-07-25 11:05:00,2024-07-25 12:50:00,26.0,0.0,,,Wizz Air,0 days 01:45:00,,https://www.google.com/travel/flights?q=Flights%20to%20FMM%20from%20BEG%20on%202024-07-25%20oneway%20direct&curr=EUR&gl=IT,
7,2,385c64e9-39f9-4c92-902f-0c8fc07ac787,2024-06-26 23:27:41.258647,30.0,BEG,FMM,2024-07-26 11:05:00,2024-07-26 12:50:00,64.0,0.0,,,Wizz Air,0 days 01:45:00,,https://www.google.com/travel/flights?q=Flights%20to%20FMM%20from%20BEG%20on%202024-07-26%20oneway%20direct&curr=EUR&gl=IT,
8,1,f5d33196-268a-4476-ba7a-d7263ef222b8,2024-06-26 23:27:41.258647,29.0,FCO,BDS,2024-07-25 11:30:00,2024-07-25 12:45:00,34.0,0.0,,,Ryanair,0 days 01:15:00,,https://www.google.com/travel/flights?q=Flights%20to%20BDS%20from%20FCO%20on%202024-07-25%20oneway%20direct&curr=EUR&gl=IT,
8,1,8aabd627-d09b-4873-882c-d9b5ef41be6f,2024-06-26 23:27:41.258647,29.0,FCO,BDS,2024-07-25 21:40:00,2024-07-25 22:55:00,46.0,0.0,,,Ryanair,0 days 01:15:00,,https://www.google.com/travel/flights?q=Flights%20to%20BDS%20from%20FCO%20on%202024-07-25%20oneway%20direct&curr=EUR&gl=IT,
8,1,9b51b357-b4c9-4937-94d8-5c027248fcc0,2024-06-26 23:27:41.258647,29.0,FCO,BDS,2024-07-25 09:20:00,2024-07-25 10:30:00,109.0,0.0,,,ITA,0 days 01:10:00,,https://www.google.com/travel/flights?q=Flights%20to%20BDS%20from%20FCO%20on%202024-07-25%20oneway%20direct&curr=EUR&gl=IT,
8,1,a9d8c58b-280c-4cec-9c44-dbbaf88e97de,2024-06-26 23:27:41.258647,29.0,FCO,BDS,2024-07-25 13:20:00,2024-07-25 14:30:00,109.0,0.0,,,ITA,0 days 01:10:00,,https://www.google.com/travel/flights?q=Flights%20to%20BDS%20from%20FCO%20on%202024-07-25%20oneway%20direct&curr=EUR&gl=IT,
8,1,d668c012-c9b3-4995-ac91-9d85f6018542,2024-06-26 23:27:41.258647,29.0,FCO,BDS,2024-07-25 21:40:00,2024-07-25 22:50:00,109.0,0.0,,,ITA,0 days 01:10:00,,https://www.google.com/travel/flights?q=Flights%20to%20BDS%20from%20FCO%20on%202024-07-25%20oneway%20direct&curr=EUR&gl=IT,
8,1,8ca0da74-225e-4893-a70c-70104204a645,2024-06-26 23:27:41.258647,29.0,FCO,BDS,2024-07-25 17:15:00,2024-07-25 18:25:00,154.0,0.0,,,ITA,0 days 01:10:00,,https://www.google.com/travel/flights?q=Flights%20to%20BDS%20from%20FCO%20on%202024-07-25%20oneway%20direct&curr=EUR&gl=IT,
8,2,2e05cb49-d1ab-4085-ab9c-74ec6d8417ba,2024-06-26 23:27:41.258647,29.0,BDS,FMM,2024-07-25 08:20:00,2024-07-25 10:10:00,39.0,0.0,,,Ryanair,0 days 01:50:00,,https://www.google.com/travel/flights?q=Flights%20to%20FMM%20from%20BDS%20on%202024-07-25%20oneway%20direct&curr=EUR&gl=IT,
9,1,f5720e66-6d54-49f5-87d2-e3752fc9294a,2024-06-26 23:27:41.258647,30.0,FCO,BDS,2024-07-26 22:00:00,2024-07-26 23:15:00,24.0,0.0,,,Ryanair,0 days 01:15:00,,https://www.google.com/travel/flights?q=Flights%20to%20BDS%20from%20FCO%20on%202024-07-26%20oneway%20direct&curr=EUR&gl=IT,
9,1,32b5aacf-6705-4f3a-bff0-5b7269721f48,2024-06-26 23:27:41.258647,30.0,FCO,BDS,2024-07-26 14:45:00,2024-07-26 16:00:00,43.0,0.0,,,Ryanair,0 days 01:15:00,,https://www.google.com/travel/flights?q=Flights%20to%20BDS%20from%20FCO%20on%202024-07-26%20oneway%20direct&curr=EUR&gl=IT,
9,1,feb3aa38-aa03-4937-8a0f-cb72b8a5b03a,2024-06-26 23:27:41.258647,30.0,FCO,BDS,2024-07-26 13:20:00,2024-07-26 14:30:00,109.0,0.0,,,ITA,0 days 01:10:00,,https://www.google.com/travel/flights?q=Flights%20to%20BDS%20from%20FCO%20on%202024-07-26%20oneway%20direct&curr=EUR&gl=IT,
9,1,793000ff-4d21-4fb5-a50d-cb8bb4a1b77b,2024-06-26 23:27:41.258647,30.0,FCO,BDS,2024-07-26 09:20:00,2024-07-26 10:30:00,109.0,0.0,,,ITA,0 days 01:10:00,,https://www.google.com/travel/flights?q=Flights%20to%20BDS%20from%20FCO%20on%202024-07-26%20oneway%20direct&curr=EUR&gl=IT,
9,1,d2456386-bfd1-465a-83e4-6e5d54a3308b,2024-06-26 23:27:41.258647,30.0,FCO,BDS,2024-07-26 17:15:00,2024-07-26 18:25:00,109.0,0.0,,,ITA,0 days 01:10:00,,https://www.google.com/travel/flights?q=Flights%20to%20BDS%20from%20FCO%20on%202024-07-26%20oneway%20direct&curr=EUR&gl=IT,
9,1,d740385b-21d2-4430-9364-0d3b397d58e2,2024-06-26 23:27:41.258647,30.0,FCO,BDS,2024-07-26 21:40:00,2024-07-26 22:50:00,109.0,0.0,,,ITA,0 days 01:10:00,,https://www.google.com/travel/flights?q=Flights%20to%20BDS%20from%20FCO%20on%202024-07-26%20oneway%20direct&curr=EUR&gl=IT,
10,1,a02dc3d4-a112-4453-af08-172c1fc066fd,2024-06-26 23:27:41.258647,29.0,FCO,OTP,2024-07-25 21:50:00,2024-07-26 01:05:00,80.0,0.0,,,Wizz Air,0 days 02:15:00,,https://www.google.com/travel/flights?q=Flights%20to%20OTP%20from%20FCO%20on%202024-07-25%20oneway%20direct&curr=EUR&gl=IT,
10,1,e4f00c29-bd97-480d-a0f9-f85d00f7d30d,2024-06-26 23:27:41.258647,29.0,FCO,OTP,2024-07-25 09:05:00,2024-07-25 12:20:00,90.0,0.0,,,Wizz Air,0 days 02:15:00,,https://www.google.com/travel/flights?q=Flights%20to%20OTP%20from%20FCO%20on%202024-07-25%20oneway%20direct&curr=EUR&gl=IT,
10,2,1d38f7f9-deb0-4318-8ea7-3b287b804430,2024-06-26 23:27:41.258647,29.0,OTP,FMM,2024-07-25 11:35:00,2024-07-25 12:55:00,38.0,0.0,,,Wizz Air,0 days 02:20:00,,https://www.google.com/travel/flights?q=Flights%20to%20FMM%20from%20OTP%20on%202024-07-25%20oneway%20direct&curr=EUR&gl=IT,
11,1,82994c1c-aeaa-4a43-b34c-35fdf506db8a,2024-06-26 23:27:41.258647,30.0,FCO,OTP,2024-07-26 09:30:00,2024-07-26 12:30:00,84.0,0.0,,,AEROITALIA SRL,0 days 02:00:00,,https://www.google.com/travel/flights?q=Flights%20to%20OTP%20from%20FCO%20on%202024-07-26%20oneway%20direct&curr=EUR&gl=IT,
11,1,b90a1924-fdf3-4fe2-88a4-5443f6f55edb,2024-06-26 23:27:41.258647,30.0,FCO,OTP,2024-07-26 09:35:00,2024-07-26 12:50:00,90.0,0.0,,,Wizz Air,0 days 02:15:00,,https://www.google.com/travel/flights?q=Flights%20to%20OTP%20from%20FCO%20on%202024-07-26%20oneway%20direct&curr=EUR&gl=IT,
11,1,f55a71e9-c7ab-44e5-839d-b73d9a63f8e0,2024-06-26 23:27:41.258647,30.0,FCO,OTP,2024-07-26 21:05:00,2024-07-27 00:20:00,90.0,0.0,,,Wizz Air,0 days 02:15:00,,https://www.google.com/travel/flights?q=Flights%20to%20OTP%20from%20FCO%20on%202024-07-26%20oneway%20direct&curr=EUR&gl=IT,
11,1,c7bc7f32-ebc0-4e8d-bb7e-d696efb56a2b,2024-06-26 23:27:41.258647,30.0,FCO,OTP,2024-07-26 12:50:00,2024-07-26 16:05:00,248.0,0.0,,,TAROMITA,0 days 02:15:00,,https://www.google.com/travel/flights?q=Flights%20to%20OTP%20from%20FCO%20on%202024-07-26%20oneway%20direct&curr=EUR&gl=IT,
11,2,dfa26293-758a-4aa3-9206-f95e4f7ab602,2024-06-26 23:27:41.258647,30.0,OTP,FMM,2024-07-26 13:25:00,2024-07-26 14:45:00,53.0,0.0,,,Wizz Air,0 days 02:20:00,,https://www.google.com/travel/flights?q=Flights%20to%20FMM%20from%20OTP%20on%202024-07-26%20oneway%20direct&curr=EUR&gl=IT,
12,1,ff179970-1db9-4afc-b075-002b633605a8,2024-06-26 23:27:41.258647,29.0,FCO,CTA,2024-07-25 05:45:00,2024-07-25 07:05:00,17.0,0.0,,,Ryanair,0 days 01:20:00,,https://www.google.com/travel/flights?q=Flights%20to%20CTA%20from%20FCO%20on%202024-07-25%20oneway%20direct&curr=EUR&gl=IT,
12,1,9fbef1ba-bc3e-46e7-9c2f-39b11fa5ed7a,2024-06-26 23:27:41.258647,29.0,FCO,CTA,2024-07-25 15:05:00,2024-07-25 16:25:00,19.0,0.0,,,Ryanair,0 days 01:20:00,,https://www.google.com/travel/flights?q=Flights%20to%20CTA%20from%20FCO%20on%202024-07-25%20oneway%20direct&curr=EUR&gl=IT,
12,1,28f0621e-5484-4094-95ed-1c73fabac99d,2024-06-26 23:27:41.258647,29.0,FCO,CTA,2024-07-25 09:10:00,2024-07-25 10:30:00,19.0,0.0,,,AEROITALIA SRL,0 days 01:20:00,,https://www.google.com/travel/flights?q=Flights%20to%20CTA%20from%20FCO%20on%202024-07-25%20oneway%20direct&curr=EUR&gl=IT,
12,1,173460a8-8937-45f1-a4c3-5938c07229ce,2024-06-26 23:27:41.258647,29.0,FCO,CTA,2024-07-25 13:45:00,2024-07-25 15:05:00,19.0,0.0,,,AEROITALIA SRL,0 days 01:20:00,,https://www.google.com/travel/flights?q=Flights%20to%20CTA%20from%20FCO%20on%202024-07-25%20oneway%20direct&curr=EUR&gl=IT,
12,1,dca20640-eeca-4f73-96df-119248ecb83d,2024-06-26 23:27:41.258647,29.0,FCO,CTA,2024-07-25 15:35:00,2024-07-25 16:55:00,19.0,0.0,,,AEROITALIA SRL,0 days 01:20:00,,https://www.google.com/travel/flights?q=Flights%20to%20CTA%20from%20FCO%20on%202024-07-25%20oneway%20direct&curr=EUR&gl=IT,
12,1,4c61e167-cf14-4d86-b66e-5407c51b2aa1,2024-06-26 23:27:41.258647,29.0,FCO,CTA,2024-07-25 12:20:00,2024-07-25 13:40:00,23.0,0.0,,,Ryanair,0 days 01:20:00,,https://www.google.com/travel/flights?q=Flights%20to%20CTA%20from%20FCO%20on%202024-07-25%20oneway%20direct&curr=EUR&gl=IT,
12,1,3656d3f1-8750-4b99-95ac-365caef70181,2024-06-26 23:27:41.258647,29.0,FCO,CTA,2024-07-25 21:25:00,2024-07-25 22:45:00,24.0,0.0,,,AEROITALIA SRL,0 days 01:20:00,,https://www.google.com/travel/flights?q=Flights%20to%20CTA%20from%20FCO%20on%202024-07-25%20oneway%20direct&curr=EUR&gl=IT,
12,1,39de68be-6f37-4ca4-a4cf-d2eb2929bc22,2024-06-26 23:27:41.258647,29.0,FCO,CTA,2024-07-25 18:10:00,2024-07-25 19:30:00,27.0,0.0,,,Ryanair,0 days 01:20:00,,https://www.google.com/travel/flights?q=Flights%20to%20CTA%20from%20FCO%20on%202024-07-25%20oneway%20direct&curr=EUR&gl=IT,
12,1,7314892a-d7e7-44e0-8e33-aa2d77544b8f,2024-06-26 23:27:41.258647,29.0,FCO,CTA,2024-07-25 09:45:00,2024-07-25 11:05:00,28.0,0.0,,,Ryanair,0 days 01:20:00,,https://www.google.com/travel/flights?q=Flights%20to%20CTA%20from%20FCO%20on%202024-07-25%20oneway%20direct&curr=EUR&gl=IT,
12,1,849e0e86-cb29-4480-ac8a-02361307aa54,2024-06-26 23:27:41.258647,29.0,FCO,CTA,2024-07-25 18:45:00,2024-07-25 20:05:00,28.0,0.0,,,Ryanair,0 days 01:20:00,,https://www.google.com/travel/flights?q=Flights%20to%20CTA%20from%20FCO%20on%202024-07-25%20oneway%20direct&curr=EUR&gl=IT,
12,1,9315f046-7948-49d5-b108-dce8f38cefb8,2024-06-26 23:27:41.258647,29.0,FCO,CTA,2024-07-25 22:20:00,2024-07-25 23:40:00,28.0,0.0,,,Ryanair,0 days 01:20:00,,https://www.google.com/travel/flights?q=Flights%20to%20CTA%20from%20FCO%20on%202024-07-25%20oneway%20direct&curr=EUR&gl=IT,
12,1,18bc960a-7558-4023-b7d9-bab44f49b9fd,2024-06-26 23:27:41.258647,29.0,FCO,CTA,2024-07-25 08:15:00,2024-07-25 09:30:00,73.0,0.0,,,ITA,0 days 01:15:00,,https://www.google.com/travel/flights?q=Flights%20to%20CTA%20from%20FCO%20on%202024-07-25%20oneway%20direct&curr=EUR&gl=IT,
12,1,8ee19a89-15da-4e6f-b86b-3a8ab2e6f2bd,2024-06-26 23:27:41.258647,29.0,FCO,CTA,2024-07-25 09:40:00,2024-07-25 10:55:00,73.0,0.0,,,ITA,0 days 01:15:00,,https://www.google.com/travel/flights?q=Flights%20to%20CTA%20from%20FCO%20on%202024-07-25%20oneway%20direct&curr=EUR&gl=IT,
12,1,5798bfca-5620-43d9-abbe-17863629658b,2024-06-26 23:27:41.258647,29.0,FCO,CTA,2024-07-25 20:10:00,2024-07-25 21:25:00,73.0,0.0,,,ITA,0 days 01:15:00,,https://www.google.com/travel/flights?q=Flights%20to%20CTA%20from%20FCO%20on%202024-07-25%20oneway%20direct&curr=EUR&gl=IT,
12,1,1cd88d38-ad23-469e-91da-fe67ef7b9443,2024-06-26 23:27:41.258647,29.0,FCO,CTA,2024-07-25 21:20:00,2024-07-25 22:35:00,73.0,0.0,,,ITA,0 days 01:15:00,,https://www.google.com/travel/flights?q=Flights%20to%20CTA%20from%20FCO%20on%202024-07-25%20oneway%20direct&curr=EUR&gl=IT,
12,1,6437f556-dd49-4562-af6b-c2947b93f6c1,2024-06-26 23:27:41.258647,29.0,FCO,CTA,2024-07-25 22:00:00,2024-07-25 23:15:00,73.0,0.0,,,ITA,0 days 01:15:00,,https://www.google.com/travel/flights?q=Flights%20to%20CTA%20from%20FCO%20on%202024-07-25%20oneway%20direct&curr=EUR&gl=IT,
12,1,0ab2113e-5c26-406a-b364-fd402da1a487,2024-06-26 23:27:41.258647,29.0,FCO,CTA,2024-07-25 11:00:00,2024-07-25 12:15:00,84.0,0.0,,,ITA,0 days 01:15:00,,https://www.google.com/travel/flights?q=Flights%20to%20CTA%20from%20FCO%20on%202024-07-25%20oneway%20direct&curr=EUR&gl=IT,
12,1,cae0e547-9143-476b-9c2b-7e9218720839,2024-06-26 23:27:41.258647,29.0,FCO,CTA,2024-07-25 17:10:00,2024-07-25 18:25:00,84.0,0.0,,,ITA,0 days 01:15:00,,https://www.google.com/travel/flights?q=Flights%20to%20CTA%20from%20FCO%20on%202024-07-25%20oneway%20direct&curr=EUR&gl=IT,
12,1,3a73fcd8-a35e-464b-a44d-ef11071199e4,2024-06-26 23:27:41.258647,29.0,FCO,CTA,2024-07-25 18:30:00,2024-07-25 19:45:00,84.0,0.0,,,ITA,0 days 01:15:00,,https://www.google.com/travel/flights?q=Flights%20to%20CTA%20from%20FCO%20on%202024-07-25%20oneway%20direct&curr=EUR&gl=IT,
12,1,b7d64771-7b90-4186-996c-4fd51f62d4c6,2024-06-26 23:27:41.258647,29.0,FCO,CTA,2024-07-25 12:05:00,2024-07-25 13:25:00,84.0,0.0,,,ITA,0 days 01:20:00,,https://www.google.com/travel/flights?q=Flights%20to%20CTA%20from%20FCO%20on%202024-07-25%20oneway%20direct&curr=EUR&gl=IT,
12,1,a01cc85d-456b-49b0-ab1c-14905b2c23f2,2024-06-26 23:27:41.258647,29.0,FCO,CTA,2024-07-25 14:30:00,2024-07-25 15:45:00,99.0,0.0,,,ITA,0 days 01:15:00,,https://www.google.com/travel/flights?q=Flights%20to%20CTA%20from%20FCO%20on%202024-07-25%20oneway%20direct&curr=EUR&gl=IT,
12,1,c6082577-d358-4379-98be-a24809408bb3,2024-06-26 23:27:41.258647,29.0,FCO,CTA,2024-07-25 13:20:00,2024-07-25 14:40:00,99.0,0.0,,,ITA,0 days 01:20:00,,https://www.google.com/travel/flights?q=Flights%20to%20CTA%20from%20FCO%20on%202024-07-25%20oneway%20direct&curr=EUR&gl=IT,
12,2,a5764eb9-68c8-4019-b529-d34fae725ac7,2024-06-26 23:27:41.258647,29.0,CTA,FMM,2024-07-25 16:05:00,2024-07-25 18:25:00,30.0,0.0,,,Wizz Air,0 days 02:20:00,,https://www.google.com/travel/flights?q=Flights%20to%20FMM%20from%20CTA%20on%202024-07-25%20oneway%20direct&curr=EUR&gl=IT,
13,1,df8c732d-94b4-4081-9911-d1f87c75db35,2024-06-26 23:27:41.258647,30.0,FCO,CTA,2024-07-26 05:45:00,2024-07-26 07:05:00,18.0,0.0,,,Ryanair,0 days 01:20:00,,https://www.google.com/travel/flights?q=Flights%20to%20CTA%20from%20FCO%20on%202024-07-26%20oneway%20direct&curr=EUR&gl=IT,
13,1,e481ce6b-8ac0-459c-97b1-65a511d2a34d,2024-06-26 23:27:41.258647,30.0,FCO,CTA,2024-07-26 13:30:00,2024-07-26 14:50:00,24.0,0.0,,,AEROITALIA SRL,0 days 01:20:00,,https://www.google.com/travel/flights?q=Flights%20to%20CTA%20from%20FCO%20on%202024-07-26%20oneway%20direct&curr=EUR&gl=IT,
13,1,5f3b4896-b8e0-4787-9bd5-ee8b7c09b8b6,2024-06-26 23:27:41.258647,30.0,FCO,CTA,2024-07-26 08:25:00,2024-07-26 09:45:00,28.0,0.0,,,Ryanair,0 days 01:20:00,,https://www.google.com/travel/flights?q=Flights%20to%20CTA%20from%20FCO%20on%202024-07-26%20oneway%20direct&curr=EUR&gl=IT,
13,1,b0adceb4-b945-4ade-801b-ae678c10cdc0,2024-06-26 23:27:41.258647,30.0,FCO,CTA,2024-07-26 09:45:00,2024-07-26 11:05:00,28.0,0.0,,,Ryanair,0 days 01:20:00,,https://www.google.com/travel/flights?q=Flights%20to%20CTA%20from%20FCO%20on%202024-07-26%20oneway%20direct&curr=EUR&gl=IT,
13,1,fa3277f0-2fc8-4cce-b280-10e05a242e7b,2024-06-26 23:27:41.258647,30.0,FCO,CTA,2024-07-26 11:45:00,2024-07-26 13:05:00,28.0,0.0,,,Ryanair,0 days 01:20:00,,https://www.google.com/travel/flights?q=Flights%20to%20CTA%20from%20FCO%20on%202024-07-26%20oneway%20direct&curr=EUR&gl=IT,
13,1,e74bb0e3-d57c-4a13-a5b8-92f408558d66,2024-06-26 23:27:41.258647,30.0,FCO,CTA,2024-07-26 15:35:00,2024-07-26 16:55:00,29.0,0.0,,,AEROITALIA SRL,0 days 01:20:00,,https://www.google.com/travel/flights?q=Flights%20to%20CTA%20from%20FCO%20on%202024-07-26%20oneway%20direct&curr=EUR&gl=IT,
13,1,e16ac32d-159c-436f-b963-affc413ad8f9,2024-06-26 23:27:41.258647,30.0,FCO,CTA,2024-07-26 15:20:00,2024-07-26 16:40:00,33.0,0.0,,,Ryanair,0 days 01:20:00,,https://www.google.com/travel/flights?q=Flights%20to%20CTA%20from%20FCO%20on%202024-07-26%20oneway%20direct&curr=EUR&gl=IT,
13,1,adb27c67-a88d-433a-b6d1-1de914c02ae2,2024-06-26 23:27:41.258647,30.0,FCO,CTA,2024-07-26 18:10:00,2024-07-26 19:30:00,42.0,0.0,,,Ryanair,0 days 01:20:00,,https://www.google.com/travel/flights?q=Flights%20to%20CTA%20from%20FCO%20on%202024-07-26%20oneway%20direct&curr=EUR&gl=IT,
13,1,0a029696-0708-40df-af26-5389ce248f0d,2024-06-26 23:27:41.258647,30.0,FCO,CTA,2024-07-26 09:10:00,2024-07-26 10:30:00,44.0,0.0,,,AEROITALIA SRL,0 days 01:20:00,,https://www.google.com/travel/flights?q=Flights%20to%20CTA%20from%20FCO%20on%202024-07-26%20oneway%20direct&curr=EUR&gl=IT,
13,1,78616f73-9245-4e04-b427-5ebf33c1c776,2024-06-26 23:27:41.258647,30.0,FCO,CTA,2024-07-26 21:25:00,2024-07-26 22:45:00,60.0,0.0,,,AEROITALIA SRL,0 days 01:20:00,,https://www.google.com/travel/flights?q=Flights%20to%20CTA%20from%20FCO%20on%202024-07-26%20oneway%20direct&curr=EUR&gl=IT,
13,1,74d9b93f-5e46-4157-8822-7d67642055b5,2024-06-26 23:27:41.258647,30.0,FCO,CTA,2024-07-26 19:15:00,2024-07-26 20:35:00,68.0,0.0,,,Ryanair,0 days 01:20:00,,https://www.google.com/travel/flights?q=Flights%20to%20CTA%20from%20FCO%20on%202024-07-26%20oneway%20direct&curr=EUR&gl=IT,
13,1,4b821f20-d0c4-4150-91e5-2e47c925560f,2024-06-26 23:27:41.258647,30.0,FCO,CTA,2024-07-26 08:15:00,2024-07-26 09:30:00,73.0,0.0,,,ITA,0 days 01:15:00,,https://www.google.com/travel/flights?q=Flights%20to%20CTA%20from%20FCO%20on%202024-07-26%20oneway%20direct&curr=EUR&gl=IT,
13,1,30a581bb-589d-4973-822a-647180f840d2,2024-06-26 23:27:41.258647,30.0,FCO,CTA,2024-07-26 18:30:00,2024-07-26 19:45:00,73.0,0.0,,,ITA,0 days 01:15:00,,https://www.google.com/travel/flights?q=Flights%20to%20CTA%20from%20FCO%20on%202024-07-26%20oneway%20direct&curr=EUR&gl=IT,
13,1,bf7259dd-0bf8-46c9-9bc7-e10ab33d0510,2024-06-26 23:27:41.258647,30.0,FCO,CTA,2024-07-26 20:00:00,2024-07-26 21:15:00,73.0,0.0,,,ITA,0 days 01:15:00,,https://www.google.com/travel/flights?q=Flights%20to%20CTA%20from%20FCO%20on%202024-07-26%20oneway%20direct&curr=EUR&gl=IT,
13,1,3e60f778-fcb2-4d3c-9487-de265e8b57f2,2024-06-26 23:27:41.258647,30.0,FCO,CTA,2024-07-26 11:00:00,2024-07-26 12:15:00,84.0,0.0,,,ITA,0 days 01:15:00,,https://www.google.com/travel/flights?q=Flights%20to%20CTA%20from%20FCO%20on%202024-07-26%20oneway%20direct&curr=EUR&gl=IT,
13,1,bcd2bf4d-d5ee-4088-9413-78074f91b400,2024-06-26 23:27:41.258647,30.0,FCO,CTA,2024-07-26 09:40:00,2024-07-26 10:55:00,99.0,0.0,,,ITA,0 days 01:15:00,,https://www.google.com/travel/flights?q=Flights%20to%20CTA%20from%20FCO%20on%202024-07-26%20oneway%20direct&curr=EUR&gl=IT,
13,1,9fcc1c0c-635b-4e3b-af91-2e730983553b,2024-06-26 23:27:41.258647,30.0,FCO,CTA,2024-07-26 14:30:00,2024-07-26 15:45:00,99.0,0.0,,,ITA,0 days 01:15:00,,https://www.google.com/travel/flights?q=Flights%20to%20CTA%20from%20FCO%20on%202024-07-26%20oneway%20direct&curr=EUR&gl=IT,
13,1,cb661058-7dc0-4ca6-829d-ef3c1f827cee,2024-06-26 23:27:41.258647,30.0,FCO,CTA,2024-07-26 17:15:00,2024-07-26 18:30:00,99.0,0.0,,,ITA,0 days 01:15:00,,https://www.google.com/travel/flights?q=Flights%20to%20CTA%20from%20FCO%20on%202024-07-26%20oneway%20direct&curr=EUR&gl=IT,
13,1,4071a896-ccb7-452c-8445-8b924e9f084c,2024-06-26 23:27:41.258647,30.0,FCO,CTA,2024-07-26 21:20:00,2024-07-26 22:35:00,99.0,0.0,,,ITA,0 days 01:15:00,,https://www.google.com/travel/flights?q=Flights%20to%20CTA%20from%20FCO%20on%202024-07-26%20oneway%20direct&curr=EUR&gl=IT,
13,1,b3f587de-b768-4d70-a512-ecf911a45d82,2024-06-26 23:27:41.258647,30.0,FCO,CTA,2024-07-26 22:00:00,2024-07-26 23:15:00,99.0,0.0,,,ITA,0 days 01:15:00,,https://www.google.com/travel/flights?q=Flights%20to%20CTA%20from%20FCO%20on%202024-07-26%20oneway%20direct&curr=EUR&gl=IT,
13,1,2e08fec9-4263-4395-b49e-b847cd3ae715,2024-06-26 23:27:41.258647,30.0,FCO,CTA,2024-07-26 13:20:00,2024-07-26 14:40:00,152.0,0.0,,,ITA,0 days 01:20:00,,https://www.google.com/travel/flights?q=Flights%20to%20CTA%20from%20FCO%20on%202024-07-26%20oneway%20direct&curr=EUR&gl=IT,
14,2,378c309b-b7bb-4085-bbbf-b620243513d9,2024-06-26 23:27:41.258647,29.0,CHQ,FMM,2024-07-25 07:20:00,2024-07-25 09:20:00,61.0,0.0,,,Ryanair,0 days 03:00:00,,https://www.google.com/travel/flights?q=Flights%20to%20FMM%20from%20CHQ%20on%202024-07-25%20oneway%20direct&curr=EUR&gl=IT,
16,1,01b84913-b4aa-4644-8646-519e7b22c874,2024-06-26 23:27:41.258647,29.0,FCO,CFU,2024-07-25 14:50:00,2024-07-25 17:15:00,141.0,0.0,,,ITA,0 days 01:25:00,,https://www.google.com/travel/flights?q=Flights%20to%20CFU%20from%20FCO%20on%202024-07-25%20oneway%20direct&curr=EUR&gl=IT,
17,1,673a9908-05a2-4c66-bae7-75368fda9039,2024-06-26 23:27:41.258647,30.0,FCO,CFU,2024-07-26 13:50:00,2024-07-26 16:25:00,50.0,0.0,,,Wizz Air,0 days 01:35:00,,https://www.google.com/travel/flights?q=Flights%20to%20CFU%20from%20FCO%20on%202024-07-26%20oneway%20direct&curr=EUR&gl=IT,
18,1,29f2b9d0-d607-459f-9566-fec85c42f11e,2024-06-26 23:27:41.258647,29.0,FCO,DUB,2024-07-25 07:30:00,2024-07-25 09:45:00,102.0,0.0,,,Aer Lingus,0 days 03:15:00,,https://www.google.com/travel/flights?q=Flights%20to%20DUB%20from%20FCO%20on%202024-07-25%20oneway%20direct&curr=EUR&gl=IT,
18,1,7e05c13d-b419-4c86-8405-f281f4218e18,2024-06-26 23:27:41.258647,29.0,FCO,DUB,2024-07-25 05:55:00,2024-07-25 08:15:00,126.0,0.0,,,Ryanair,0 days 03:20:00,,https://www.google.com/travel/flights?q=Flights%20to%20DUB%20from%20FCO%20on%202024-07-25%20oneway%20direct&curr=EUR&gl=IT,
18,1,56f5b582-169a-433e-b8b6-eb2ef5526428,2024-06-26 23:27:41.258647,29.0,FCO,DUB,2024-07-25 22:30:00,2024-07-26 00:50:00,140.0,0.0,,,Ryanair,0 days 03:20:00,,https://www.google.com/travel/flights?q=Flights%20to%20DUB%20from%20FCO%20on%202024-07-25%20oneway%20direct&curr=EUR&gl=IT,
18,1,bd9e1583-ab48-4a7b-81f8-f3ab44687769,2024-06-26 23:27:41.258647,29.0,FCO,DUB,2024-07-25 11:10:00,2024-07-25 13:30:00,200.0,0.0,,,Aer Lingus,0 days 03:20:00,,https://www.google.com/travel/flights?q=Flights%20to%20DUB%20from%20FCO%20on%202024-07-25%20oneway%20direct&curr=EUR&gl=IT,
18,1,e93f7b28-663c-4e64-b848-e5dfce101d13,2024-06-26 23:27:41.258647,29.0,FCO,DUB,2024-07-25 15:20:00,2024-07-25 17:40:00,220.0,0.0,,,Aer Lingus,0 days 03:20:00,,https://www.google.com/travel/flights?q=Flights%20to%20DUB%20from%20FCO%20on%202024-07-25%20oneway%20direct&curr=EUR&gl=IT,
19,1,fe13e6d2-0107-45ac-90a5-d79d27dc2c2b,2024-06-26 23:27:41.258647,30.0,FCO,DUB,2024-07-26 07:30:00,2024-07-26 09:45:00,130.0,0.0,,,Aer Lingus,0 days 03:15:00,,https://www.google.com/travel/flights?q=Flights%20to%20DUB%20from%20FCO%20on%202024-07-26%20oneway%20direct&curr=EUR&gl=IT,
19,1,c5388322-9580-426d-87b2-b417c47737fd,2024-06-26 23:27:41.258647,30.0,FCO,DUB,2024-07-26 10:50:00,2024-07-26 13:10:00,155.0,0.0,,,Ryanair,0 days 03:20:00,,https://www.google.com/travel/flights?q=Flights%20to%20DUB%20from%20FCO%20on%202024-07-26%20oneway%20direct&curr=EUR&gl=IT,
19,1,fa124d79-1cf4-47a5-bfb7-154786497600,2024-06-26 23:27:41.258647,30.0,FCO,DUB,2024-07-26 19:55:00,2024-07-26 22:15:00,161.0,0.0,,,Ryanair,0 days 03:20:00,,https://www.google.com/travel/flights?q=Flights%20to%20DUB%20from%20FCO%20on%202024-07-26%20oneway%20direct&curr=EUR&gl=IT,
19,1,665156bd-44cf-41f4-9063-216e56b1e1bc,2024-06-26 23:27:41.258647,30.0,FCO,DUB,2024-07-26 11:10:00,2024-07-26 13:30:00,200.0,0.0,,,Aer Lingus,0 days 03:20:00,,https://www.google.com/travel/flights?q=Flights%20to%20DUB%20from%20FCO%20on%202024-07-26%20oneway%20direct&curr=EUR&gl=IT,
19,1,6f5e1dcc-aca5-46a5-bddf-8dc87eccd130,2024-06-26 23:27:41.258647,30.0,FCO,DUB,2024-07-26 15:20:00,2024-07-26 17:40:00,240.0,0.0,,,Aer Lingus,0 days 03:20:00,,https://www.google.com/travel/flights?q=Flights%20to%20DUB%20from%20FCO%20on%202024-07-26%20oneway%20direct&curr=EUR&gl=IT,
19,2,fbbd6e3a-6fbd-414d-b61a-1b155aaeae1e,2024-06-26 23:27:41.258647,30.0,DUB,FMM,2024-07-26 07:50:00,2024-07-26 11:05:00,115.0,0.0,,,Ryanair,0 days 02:15:00,,https://www.google.com/travel/flights?q=Flights%20to%20FMM%20from%20DUB%20on%202024-07-26%20oneway%20direct&curr=EUR&gl=IT,
20,1,5c878865-861c-43bd-9ef9-e53a2a5067e7,2024-06-26 23:27:41.258647,29.0,FCO,DBV,2024-07-25 15:55:00,2024-07-25 17:25:00,26.0,0.0,,,Ryanair,0 days 01:30:00,,https://www.google.com/travel/flights?q=Flights%20to%20DBV%20from%20FCO%20on%202024-07-25%20oneway%20direct&curr=EUR&gl=IT,
20,1,a65fc59f-3a6b-40ee-b1b9-2efb5c952941,2024-06-26 23:27:41.258647,29.0,FCO,DBV,2024-07-25 13:40:00,2024-07-25 15:00:00,39.0,0.0,,,Vueling,0 days 01:20:00,,https://www.google.com/travel/flights?q=Flights%20to%20DBV%20from%20FCO%20on%202024-07-25%20oneway%20direct&curr=EUR&gl=IT,
21,1,6d9ca591-69d8-42ef-bc0e-5b93e95ceb47,2024-06-26 23:27:41.258647,30.0,FCO,DBV,2024-07-26 22:15:00,2024-07-26 23:45:00,29.0,0.0,,,Ryanair,0 days 01:30:00,,https://www.google.com/travel/flights?q=Flights%20to%20DBV%20from%20FCO%20on%202024-07-26%20oneway%20direct&curr=EUR&gl=IT,
21,1,b95e5687-f0e6-4a2b-863a-7cdeb24971e1,2024-06-26 23:27:41.258647,30.0,FCO,DBV,2024-07-26 14:40:00,2024-07-26 16:00:00,114.0,0.0,,,Vueling,0 days 01:20:00,,https://www.google.com/travel/flights?q=Flights%20to%20DBV%20from%20FCO%20on%202024-07-26%20oneway%20direct&curr=EUR&gl=IT,
23,1,389c412d-39a3-4f09-b8fe-34c8560c5a87,2024-06-26 23:27:41.258647,30.0,FCO,EDI,2024-07-26 11:10:00,2024-07-26 13:25:00,242.0,0.0,,,Jet2,0 days 03:15:00,,https://www.google.com/travel/flights?q=Flights%20to%20EDI%20from%20FCO%20on%202024-07-26%20oneway%20direct&curr=EUR&gl=IT,
27,1,a27107e5-d505-4c40-a63e-a88a30934a6e,2024-06-26 23:27:41.258647,30.0,FCO,GLA,2024-07-26 13:10:00,2024-07-26 15:30:00,277.0,0.0,,,Jet2,0 days 03:20:00,,https://www.google.com/travel/flights?q=Flights%20to%20GLA%20from%20FCO%20on%202024-07-26%20oneway%20direct&curr=EUR&gl=IT,
30,1,7ea7b5a2-27b2-4938-b48c-d71b22b8ad6e,2024-06-26 23:27:41.258647,29.0,FCO,SUF,2024-07-25 13:20:00,2024-07-25 14:30:00,104.0,0.0,,,ITA,0 days 01:10:00,,https://www.google.com/travel/flights?q=Flights%20to%20SUF%20from%20FCO%20on%202024-07-25%20oneway%20direct&curr=EUR&gl=IT,
30,1,8eb02c07-77da-4a4a-ba9e-35f0773fdbb6,2024-06-26 23:27:41.258647,29.0,FCO,SUF,2024-07-25 17:20:00,2024-07-25 18:30:00,104.0,0.0,,,ITA,0 days 01:10:00,,https://www.google.com/travel/flights?q=Flights%20to%20SUF%20from%20FCO%20on%202024-07-25%20oneway%20direct&curr=EUR&gl=IT,
30,1,19efe8c1-0f95-42b2-9d19-8b8b931abfb8,2024-06-26 23:27:41.258647,29.0,FCO,SUF,2024-07-25 21:55:00,2024-07-25 23:05:00,104.0,0.0,,,ITA,0 days 01:10:00,,https://www.google.com/travel/flights?q=Flights%20to%20SUF%20from%20FCO%20on%202024-07-25%20oneway%20direct&curr=EUR&gl=IT,
30,1,ffa5bd53-9686-448f-acee-ebdffce2d8dd,2024-06-26 23:27:41.258647,29.0,FCO,SUF,2024-07-25 09:20:00,2024-07-25 10:30:00,144.0,0.0,,,ITA,0 days 01:10:00,,https://www.google.com/travel/flights?q=Flights%20to%20SUF%20from%20FCO%20on%202024-07-25%20oneway%20direct&curr=EUR&gl=IT,
30,2,8582f83c-4af3-4b10-80a7-699f67c451d6,2024-06-26 23:27:41.258647,29.0,SUF,FMM,2024-07-25 12:55:00,2024-07-25 14:55:00,18.0,0.0,,,Ryanair,0 days 02:00:00,,https://www.google.com/travel/flights?q=Flights%20to%20FMM%20from%20SUF%20on%202024-07-25%20oneway%20direct&curr=EUR&gl=IT,
31,1,8cd41d94-60f6-4a6e-b71d-712f665c1d8c,2024-06-26 23:27:41.258647,30.0,FCO,SUF,2024-07-26 09:20:00,2024-07-26 10:30:00,89.0,0.0,,,ITA,0 days 01:10:00,,https://www.google.com/travel/flights?q=Flights%20to%20SUF%20from%20FCO%20on%202024-07-26%20oneway%20direct&curr=EUR&gl=IT,
31,1,ed9c6506-c9e1-401a-8f10-822a9454940e,2024-06-26 23:27:41.258647,30.0,FCO,SUF,2024-07-26 13:25:00,2024-07-26 14:35:00,119.0,0.0,,,ITA,0 days 01:10:00,,https://www.google.com/travel/flights?q=Flights%20to%20SUF%20from%20FCO%20on%202024-07-26%20oneway%20direct&curr=EUR&gl=IT,
31,1,c1b56eaf-02a4-4047-be97-28d16f79b36e,2024-06-26 23:27:41.258647,30.0,FCO,SUF,2024-07-26 17:20:00,2024-07-26 18:30:00,119.0,0.0,,,ITA,0 days 01:10:00,,https://www.google.com/travel/flights?q=Flights%20to%20SUF%20from%20FCO%20on%202024-07-26%20oneway%20direct&curr=EUR&gl=IT,
31,1,fa7ef879-28d2-44d9-85e9-e0627b5f4422,2024-06-26 23:27:41.258647,30.0,FCO,SUF,2024-07-26 21:55:00,2024-07-26 23:05:00,144.0,0.0,,,ITA,0 days 01:10:00,,https://www.google.com/travel/flights?q=Flights%20to%20SUF%20from%20FCO%20on%202024-07-26%20oneway%20direct&curr=EUR&gl=IT,
34,1,7a5faa0b-1ae1-4973-97cd-b710df7c27cb,2024-06-26 23:27:41.258647,29.0,FCO,STN,2024-07-25 12:05:00,2024-07-25 13:45:00,82.0,0.0,,,Jet2,0 days 02:40:00,,https://www.google.com/travel/flights?q=Flights%20to%20STN%20from%20FCO%20on%202024-07-25%20oneway%20direct&curr=EUR&gl=IT,
34,2,8a7a67a3-57c4-4306-9512-2e8cfb662d69,2024-06-26 23:27:41.258647,29.0,STN,FMM,2024-07-25 15:05:00,2024-07-25 17:45:00,157.0,0.0,,,Ryanair,0 days 01:40:00,,https://www.google.com/travel/flights?q=Flights%20to%20FMM%20from%20STN%20on%202024-07-25%20oneway%20direct&curr=EUR&gl=IT,
35,1,13efcd7e-aca4-430e-a6e0-5d445e2a3d35,2024-06-26 23:27:41.258647,30.0,FCO,STN,2024-07-26 11:15:00,2024-07-26 12:55:00,82.0,0.0,,,Jet2,0 days 02:40:00,,https://www.google.com/travel/flights?q=Flights%20to%20STN%20from%20FCO%20on%202024-07-26%20oneway%20direct&curr=EUR&gl=IT,
35,2,026e3a30-924e-4ac6-ae0c-1bbb6473e6b7,2024-06-26 23:27:41.258647,30.0,STN,FMM,2024-07-26 14:25:00,2024-07-26 17:05:00,140.0,0.0,,,Ryanair,0 days 01:40:00,,https://www.google.com/travel/flights?q=Flights%20to%20FMM%20from%20STN%20on%202024-07-26%20oneway%20direct&curr=EUR&gl=IT,
36,1,1b608194-074e-49e5-9f3c-8c136b94a6c5,2024-06-26 23:27:41.258647,29.0,FCO,AGP,2024-07-25 13:00:00,2024-07-25 15:50:00,90.0,0.0,,,Wizz Air,0 days 02:50:00,,https://www.google.com/travel/flights?q=Flights%20to%20AGP%20from%20FCO%20on%202024-07-25%20oneway%20direct&curr=EUR&gl=IT,
36,1,6eb88e14-d849-49e5-a0f6-e850bcaed846,2024-06-26 23:27:41.258647,29.0,FCO,AGP,2024-07-25 20:50:00,2024-07-25 23:35:00,94.0,0.0,,,VuelingIberia,0 days 02:45:00,,https://www.google.com/travel/flights?q=Flights%20to%20AGP%20from%20FCO%20on%202024-07-25%20oneway%20direct&curr=EUR&gl=IT,
36,1,b79db9f2-f34b-4dd1-b689-9ab2a86fcba1,2024-06-26 23:27:41.258647,29.0,FCO,AGP,2024-07-25 10:25:00,2024-07-25 13:00:00,101.0,0.0,,,Ryanair,0 days 02:35:00,,https://www.google.com/travel/flights?q=Flights%20to%20AGP%20from%20FCO%20on%202024-07-25%20oneway%20direct&curr=EUR&gl=IT,
36,1,ba55fb78-57e2-4b0e-afbd-01d16ae98ae7,2024-06-26 23:27:41.258647,29.0,FCO,AGP,2024-07-25 15:05:00,2024-07-25 17:40:00,157.0,0.0,,,Ryanair,0 days 02:35:00,,https://www.google.com/travel/flights?q=Flights%20to%20AGP%20from%20FCO%20on%202024-07-25%20oneway%20direct&curr=EUR&gl=IT,
37,1,5f2a5d6c-bd3d-4e6a-8463-7980b6cda070,2024-06-26 23:27:41.258647,30.0,FCO,AGP,2024-07-26 06:25:00,2024-07-26 09:00:00,45.0,0.0,,,Ryanair,0 days 02:35:00,,https://www.google.com/travel/flights?q=Flights%20to%20AGP%20from%20FCO%20on%202024-07-26%20oneway%20direct&curr=EUR&gl=IT,
37,1,149c3a20-3761-4385-b07c-df3b5a800d06,2024-06-26 23:27:41.258647,30.0,FCO,AGP,2024-07-26 19:15:00,2024-07-26 22:05:00,70.0,0.0,,,Wizz Air,0 days 02:50:00,,https://www.google.com/travel/flights?q=Flights%20to%20AGP%20from%20FCO%20on%202024-07-26%20oneway%20direct&curr=EUR&gl=IT,
37,1,dbc994b6-b1bd-4150-9fc4-0b016470cb5c,2024-06-26 23:27:41.258647,30.0,FCO,AGP,2024-07-26 06:30:00,2024-07-26 09:20:00,77.0,0.0,,,VuelingIberia,0 days 02:50:00,,https://www.google.com/travel/flights?q=Flights%20to%20AGP%20from%20FCO%20on%202024-07-26%20oneway%20direct&curr=EUR&gl=IT,
37,1,e392b4f6-f008-49e0-85c0-8c716ad06544,2024-06-26 23:27:41.258647,30.0,FCO,AGP,2024-07-26 17:25:00,2024-07-26 20:10:00,88.0,0.0,,,VuelingIberia,0 days 02:45:00,,https://www.google.com/travel/flights?q=Flights%20to%20AGP%20from%20FCO%20on%202024-07-26%20oneway%20direct&curr=EUR&gl=IT,
37,1,1f7a94c9-e248-46b9-9f06-66b36d101279,2024-06-26 23:27:41.258647,30.0,FCO,AGP,2024-07-26 11:25:00,2024-07-26 14:00:00,93.0,0.0,,,Ryanair,0 days 02:35:00,,https://www.google.com/travel/flights?q=Flights%20to%20AGP%20from%20FCO%20on%202024-07-26%20oneway%20direct&curr=EUR&gl=IT,
37,2,f915070c-c7c2-4386-a31a-6d61ea751881,2024-06-26 23:27:41.258647,30.0,AGP,FMM,2024-07-26 05:55:00,2024-07-26 08:50:00,64.0,0.0,,,Ryanair,0 days 02:55:00,,https://www.google.com/travel/flights?q=Flights%20to%20FMM%20from%20AGP%20on%202024-07-26%20oneway%20direct&curr=EUR&gl=IT,
38,1,88fb29cd-7a57-4e64-a58a-5a49d12d1fdf,2024-06-26 23:27:41.258647,29.0,FCO,MLA,2024-07-25 18:10:00,2024-07-25 19:45:00,54.0,0.0,,,Ryanair,0 days 01:35:00,,https://www.google.com/travel/flights?q=Flights%20to%20MLA%20from%20FCO%20on%202024-07-25%20oneway%20direct&curr=EUR&gl=IT,
38,1,6c3875f0-15e0-46c5-a90e-f298d0a7318b,2024-06-26 23:27:41.258647,29.0,FCO,MLA,2024-07-25 13:30:00,2024-07-25 15:05:00,64.0,0.0,,,Ryanair,0 days 01:35:00,,https://www.google.com/travel/flights?q=Flights%20to%20MLA%20from%20FCO%20on%202024-07-25%20oneway%20direct&curr=EUR&gl=IT,
38,1,3a4c3560-927a-4e66-ab61-95e557cc9a61,2024-06-26 23:27:41.258647,29.0,FCO,MLA,2024-07-25 21:00:00,2024-07-25 22:30:00,68.0,0.0,,,KM Malta AirlinesITA,0 days 01:30:00,,https://www.google.com/travel/flights?q=Flights%20to%20MLA%20from%20FCO%20on%202024-07-25%20oneway%20direct&curr=EUR&gl=IT,
38,1,a9d7474d-a260-423d-8f52-1c2daf6fccfa,2024-06-26 23:27:41.258647,29.0,FCO,MLA,2024-07-25 16:50:00,2024-07-25 18:15:00,245.0,0.0,,,ITAKM Malta Airlines,0 days 01:25:00,,https://www.google.com/travel/flights?q=Flights%20to%20MLA%20from%20FCO%20on%202024-07-25%20oneway%20direct&curr=EUR&gl=IT,
39,1,381df83c-5473-4c9f-a0f2-a5e859160c3f,2024-06-26 23:27:41.258647,30.0,FCO,MLA,2024-07-26 21:25:00,2024-07-26 23:00:00,59.0,0.0,,,Ryanair,0 days 01:35:00,,https://www.google.com/travel/flights?q=Flights%20to%20MLA%20from%20FCO%20on%202024-07-26%20oneway%20direct&curr=EUR&gl=IT,
39,1,503e96e2-7606-4dd5-9f10-a98be1dae355,2024-06-26 23:27:41.258647,30.0,FCO,MLA,2024-07-26 21:00:00,2024-07-26 22:30:00,68.0,0.0,,,KM Malta AirlinesITA,0 days 01:30:00,,https://www.google.com/travel/flights?q=Flights%20to%20MLA%20from%20FCO%20on%202024-07-26%20oneway%20direct&curr=EUR&gl=IT,
39,1,d066e0f8-b200-41a7-893c-4bfd47472427,2024-06-26 23:27:41.258647,30.0,FCO,MLA,2024-07-26 06:00:00,2024-07-26 07:35:00,83.0,0.0,,,Ryanair,0 days 01:35:00,,https://www.google.com/travel/flights?q=Flights%20to%20MLA%20from%20FCO%20on%202024-07-26%20oneway%20direct&curr=EUR&gl=IT,
39,1,ad32eaeb-cd15-4665-983f-497e3fcf000b,2024-06-26 23:27:41.258647,30.0,FCO,MLA,2024-07-26 11:45:00,2024-07-26 13:20:00,96.0,0.0,,,Ryanair,0 days 01:35:00,,https://www.google.com/travel/flights?q=Flights%20to%20MLA%20from%20FCO%20on%202024-07-26%20oneway%20direct&curr=EUR&gl=IT,
39,1,7bc2484e-07e6-458a-a990-842b28be465f,2024-06-26 23:27:41.258647,30.0,FCO,MLA,2024-07-26 16:50:00,2024-07-26 18:15:00,124.0,0.0,,,ITAKM Malta Airlines,0 days 01:25:00,,https://www.google.com/travel/flights?q=Flights%20to%20MLA%20from%20FCO%20on%202024-07-26%20oneway%20direct&curr=EUR&gl=IT,
39,1,9841d4c8-59c3-4e7e-8b40-d5a7c7c9c6d7,2024-06-26 23:27:41.258647,30.0,FCO,MLA,2024-07-26 09:05:00,2024-07-26 10:30:00,163.0,0.0,,,ITA,0 days 01:25:00,,https://www.google.com/travel/flights?q=Flights%20to%20MLA%20from%20FCO%20on%202024-07-26%20oneway%20direct&curr=EUR&gl=IT,
39,1,ffd18cf2-80c7-4f74-8448-5abfc64a06b7,2024-06-26 23:27:41.258647,30.0,FCO,MLA,2024-07-26 09:50:00,2024-07-26 11:20:00,202.0,0.0,,,KM Malta AirlinesITA,0 days 01:30:00,,https://www.google.com/travel/flights?q=Flights%20to%20MLA%20from%20FCO%20on%202024-07-26%20oneway%20direct&curr=EUR&gl=IT,
39,2,37cd8d9d-9a2a-4b2e-afdf-9b7aee15bda3,2024-06-26 23:27:41.258647,30.0,MLA,FMM,2024-07-26 09:10:00,2024-07-26 11:30:00,52.0,0.0,,,Ryanair,0 days 02:20:00,,https://www.google.com/travel/flights?q=Flights%20to%20FMM%20from%20MLA%20on%202024-07-26%20oneway%20direct&curr=EUR&gl=IT,
40,1,4f20af59-e12a-47a0-bf4a-3b1359ff1052,2024-06-26 23:27:41.258647,29.0,FCO,MAN,2024-07-25 12:55:00,2024-07-25 14:50:00,70.0,0.0,,,easyJet,0 days 02:55:00,,https://www.google.com/travel/flights?q=Flights%20to%20MAN%20from%20FCO%20on%202024-07-25%20oneway%20direct&curr=EUR&gl=IT,
40,1,43b5ec85-8a03-42e7-a44e-dc8db41a4ed9,2024-06-26 23:27:41.258647,29.0,FCO,MAN,2024-07-25 13:05:00,2024-07-25 15:15:00,94.0,0.0,,,Jet2,0 days 03:10:00,,https://www.google.com/travel/flights?q=Flights%20to%20MAN%20from%20FCO%20on%202024-07-25%20oneway%20direct&curr=EUR&gl=IT,
41,1,56bd7792-2133-4432-8060-834ca5bb84d1,2024-06-26 23:27:41.258647,30.0,FCO,MAN,2024-07-26 12:10:00,2024-07-26 14:15:00,102.0,0.0,,,Jet2,0 days 03:05:00,,https://www.google.com/travel/flights?q=Flights%20to%20MAN%20from%20FCO%20on%202024-07-26%20oneway%20direct&curr=EUR&gl=IT,
42,1,35858792-9123-4d7e-af79-666267ce3915,2024-06-26 23:27:41.258647,29.0,FCO,NAP,2024-07-25 21:45:00,2024-07-25 22:35:00,77.0,0.0,,,ITA,0 days 00:50:00,,https://www.google.com/travel/flights?q=Flights%20to%20NAP%20from%20FCO%20on%202024-07-25%20oneway%20direct&curr=EUR&gl=IT,
42,1,c6ebec73-1e76-4cce-b6d9-7b9c0e9f39d5,2024-06-26 23:27:41.258647,29.0,FCO,NAP,2024-07-25 18:05:00,2024-07-25 19:00:00,77.0,0.0,,,ITA,0 days 00:55:00,,https://www.google.com/travel/flights?q=Flights%20to%20NAP%20from%20FCO%20on%202024-07-25%20oneway%20direct&curr=EUR&gl=IT,
42,1,ecbd1f0b-f65a-4da4-aa32-9aa88d04634f,2024-06-26 23:27:41.258647,29.0,FCO,NAP,2024-07-25 09:35:00,2024-07-25 10:30:00,105.0,0.0,,,ITA,0 days 00:55:00,,https://www.google.com/travel/flights?q=Flights%20to%20NAP%20from%20FCO%20on%202024-07-25%20oneway%20direct&curr=EUR&gl=IT,
42,1,4dc08b93-25e0-4838-a30d-c000306a1af6,2024-06-26 23:27:41.258647,29.0,FCO,NAP,2024-07-25 13:30:00,2024-07-25 14:25:00,105.0,0.0,,,ITA,0 days 00:55:00,,https://www.google.com/travel/flights?q=Flights%20to%20NAP%20from%20FCO%20on%202024-07-25%20oneway%20direct&curr=EUR&gl=IT,
42,2,ffe9a3a8-a6e6-4655-8f42-e24ae0180c2b,2024-06-26 23:27:41.258647,29.0,NAP,FMM,2024-07-25 20:15:00,2024-07-25 22:00:00,32.0,0.0,,,Ryanair,0 days 01:45:00,,https://www.google.com/travel/flights?q=Flights%20to%20FMM%20from%20NAP%20on%202024-07-25%20oneway%20direct&curr=EUR&gl=IT,
43,1,5588e163-4483-4b29-a43b-d910bf1eecef,2024-06-26 23:27:41.258647,30.0,FCO,NAP,2024-07-26 21:45:00,2024-07-26 22:35:00,77.0,0.0,,,ITA,0 days 00:50:00,,https://www.google.com/travel/flights?q=Flights%20to%20NAP%20from%20FCO%20on%202024-07-26%20oneway%20direct&curr=EUR&gl=IT,
43,1,2376b8df-eddf-4182-bdb3-f0d40cec5f81,2024-06-26 23:27:41.258647,30.0,FCO,NAP,2024-07-26 18:05:00,2024-07-26 19:00:00,77.0,0.0,,,ITA,0 days 00:55:00,,https://www.google.com/travel/flights?q=Flights%20to%20NAP%20from%20FCO%20on%202024-07-26%20oneway%20direct&curr=EUR&gl=IT,
43,1,b268a94c-61cf-4fbc-b7e8-16fdc893476b,2024-06-26 23:27:41.258647,30.0,FCO,NAP,2024-07-26 09:40:00,2024-07-26 10:35:00,105.0,0.0,,,ITA,0 days 00:55:00,,https://www.google.com/travel/flights?q=Flights%20to%20NAP%20from%20FCO%20on%202024-07-26%20oneway%20direct&curr=EUR&gl=IT,
43,1,3ee16613-078e-4f4d-a276-47f72f87e80f,2024-06-26 23:27:41.258647,30.0,FCO,NAP,2024-07-26 13:15:00,2024-07-26 14:10:00,105.0,0.0,,,ITA,0 days 00:55:00,,https://www.google.com/travel/flights?q=Flights%20to%20NAP%20from%20FCO%20on%202024-07-26%20oneway%20direct&curr=EUR&gl=IT,
45,2,2c95c0e4-7430-452c-89ea-0b5063c31e6f,2024-06-26 23:27:41.258647,30.0,PFO,FMM,2024-07-26 16:45:00,2024-07-26 19:25:00,104.0,0.0,,,Ryanair,0 days 03:40:00,,https://www.google.com/travel/flights?q=Flights%20to%20FMM%20from%20PFO%20on%202024-07-26%20oneway%20direct&curr=EUR&gl=IT,
46,1,8471dad4-b72f-474d-8b51-f81b1d928757,2024-06-26 23:27:41.258647,29.0,FCO,PMO,2024-07-25 13:30:00,2024-07-25 14:40:00,19.0,0.0,,,AEROITALIA SRL,0 days 01:10:00,,https://www.google.com/travel/flights?q=Flights%20to%20PMO%20from%20FCO%20on%202024-07-25%20oneway%20direct&curr=EUR&gl=IT,
46,1,13d20ffc-6691-4124-9517-dd2bd73c043e,2024-06-26 23:27:41.258647,29.0,FCO,PMO,2024-07-25 09:05:00,2024-07-25 10:20:00,19.0,0.0,,,AEROITALIA SRL,0 days 01:15:00,,https://www.google.com/travel/flights?q=Flights%20to%20PMO%20from%20FCO%20on%202024-07-25%20oneway%20direct&curr=EUR&gl=IT,
46,1,923157b9-4286-467a-bc52-3c3a031e372f,2024-06-26 23:27:41.258647,29.0,FCO,PMO,2024-07-25 13:40:00,2024-07-25 14:50:00,20.0,0.0,,,Ryanair,0 days 01:10:00,,https://www.google.com/travel/flights?q=Flights%20to%20PMO%20from%20FCO%20on%202024-07-25%20oneway%20direct&curr=EUR&gl=IT,
46,1,19f5d089-c4d4-4387-b31d-a6d4ec96a120,2024-06-26 23:27:41.258647,29.0,FCO,PMO,2024-07-25 06:00:00,2024-07-25 07:10:00,22.0,0.0,,,Ryanair,0 days 01:10:00,,https://www.google.com/travel/flights?q=Flights%20to%20PMO%20from%20FCO%20on%202024-07-25%20oneway%20direct&curr=EUR&gl=IT,
46,1,33933137-a08d-4883-b0b7-77e8b3b017fc,2024-06-26 23:27:41.258647,29.0,FCO,PMO,2024-07-25 17:30:00,2024-07-25 18:40:00,29.0,0.0,,,AEROITALIA SRL,0 days 01:10:00,,https://www.google.com/travel/flights?q=Flights%20to%20PMO%20from%20FCO%20on%202024-07-25%20oneway%20direct&curr=EUR&gl=IT,
46,1,6705f5e4-80b9-49fe-b023-ddfa23e7759b,2024-06-26 23:27:41.258647,29.0,FCO,PMO,2024-07-25 21:50:00,2024-07-25 23:00:00,29.0,0.0,,,AEROITALIA SRL,0 days 01:10:00,,https://www.google.com/travel/flights?q=Flights%20to%20PMO%20from%20FCO%20on%202024-07-25%20oneway%20direct&curr=EUR&gl=IT,
46,1,129c145a-646d-4a24-af3d-f8ce1bee6b7a,2024-06-26 23:27:41.258647,29.0,FCO,PMO,2024-07-25 22:50:00,2024-07-25 23:59:00,31.0,0.0,,,Ryanair,0 days 01:09:00,,https://www.google.com/travel/flights?q=Flights%20to%20PMO%20from%20FCO%20on%202024-07-25%20oneway%20direct&curr=EUR&gl=IT,
46,1,9f2a879c-eb0d-4c90-9f52-22193aa21d2a,2024-06-26 23:27:41.258647,29.0,FCO,PMO,2024-07-25 13:10:00,2024-07-25 14:20:00,34.0,0.0,,,Ryanair,0 days 01:10:00,,https://www.google.com/travel/flights?q=Flights%20to%20PMO%20from%20FCO%20on%202024-07-25%20oneway%20direct&curr=EUR&gl=IT,
46,1,3cd5f5f3-44ad-48c8-ac45-d488576a52ff,2024-06-26 23:27:41.258647,29.0,FCO,PMO,2024-07-25 16:30:00,2024-07-25 17:40:00,34.0,0.0,,,Ryanair,0 days 01:10:00,,https://www.google.com/travel/flights?q=Flights%20to%20PMO%20from%20FCO%20on%202024-07-25%20oneway%20direct&curr=EUR&gl=IT,
46,1,68715adf-19b8-43ef-b312-585494197aad,2024-06-26 23:27:41.258647,29.0,FCO,PMO,2024-07-25 12:20:00,2024-07-25 13:30:00,35.0,0.0,,,Ryanair,0 days 01:10:00,,https://www.google.com/travel/flights?q=Flights%20to%20PMO%20from%20FCO%20on%202024-07-25%20oneway%20direct&curr=EUR&gl=IT,
46,1,fa8cc207-9892-4f6b-8702-2afada7b7011,2024-06-26 23:27:41.258647,29.0,FCO,PMO,2024-07-25 21:55:00,2024-07-25 23:05:00,37.0,0.0,,,Ryanair,0 days 01:10:00,,https://www.google.com/travel/flights?q=Flights%20to%20PMO%20from%20FCO%20on%202024-07-25%20oneway%20direct&curr=EUR&gl=IT,
46,1,f8d34565-611f-4bbd-9dde-884e81648290,2024-06-26 23:27:41.258647,29.0,FCO,PMO,2024-07-25 18:40:00,2024-07-25 19:45:00,62.0,0.0,,,ITA,0 days 01:05:00,,https://www.google.com/travel/flights?q=Flights%20to%20PMO%20from%20FCO%20on%202024-07-25%20oneway%20direct&curr=EUR&gl=IT,
46,1,d26d823f-bbd5-4286-9122-bb7d33519ee1,2024-06-26 23:27:41.258647,29.0,FCO,PMO,2024-07-25 19:55:00,2024-07-25 21:00:00,62.0,0.0,,,ITA,0 days 01:05:00,,https://www.google.com/travel/flights?q=Flights%20to%20PMO%20from%20FCO%20on%202024-07-25%20oneway%20direct&curr=EUR&gl=IT,
46,1,f534efb9-dfaa-4b90-a48b-f7af9077920f,2024-06-26 23:27:41.258647,29.0,FCO,PMO,2024-07-25 22:10:00,2024-07-25 23:15:00,62.0,0.0,,,ITA,0 days 01:05:00,,https://www.google.com/travel/flights?q=Flights%20to%20PMO%20from%20FCO%20on%202024-07-25%20oneway%20direct&curr=EUR&gl=IT,
46,1,5b7ddff7-c8ed-49bb-9ce4-bbddc612a316,2024-06-26 23:27:41.258647,29.0,FCO,PMO,2024-07-25 08:15:00,2024-07-25 09:20:00,78.0,0.0,,,ITA,0 days 01:05:00,,https://www.google.com/travel/flights?q=Flights%20to%20PMO%20from%20FCO%20on%202024-07-25%20oneway%20direct&curr=EUR&gl=IT,
46,1,765f49ef-c83f-401a-b450-2810f4932c72,2024-06-26 23:27:41.258647,29.0,FCO,PMO,2024-07-25 17:10:00,2024-07-25 18:15:00,78.0,0.0,,,ITA,0 days 01:05:00,,https://www.google.com/travel/flights?q=Flights%20to%20PMO%20from%20FCO%20on%202024-07-25%20oneway%20direct&curr=EUR&gl=IT,
46,1,18f654a2-decf-447b-9d29-3576c6ff49f6,2024-06-26 23:27:41.258647,29.0,FCO,PMO,2024-07-25 15:20:00,2024-07-25 16:30:00,78.0,0.0,,,ITA,0 days 01:10:00,,https://www.google.com/travel/flights?q=Flights%20to%20PMO%20from%20FCO%20on%202024-07-25%20oneway%20direct&curr=EUR&gl=IT,
46,1,a5aab512-f296-4d87-9edd-75d2a00dbb78,2024-06-26 23:27:41.258647,29.0,FCO,PMO,2024-07-25 21:25:00,2024-07-25 22:35:00,78.0,0.0,,,ITA,0 days 01:10:00,,https://www.google.com/travel/flights?q=Flights%20to%20PMO%20from%20FCO%20on%202024-07-25%20oneway%20direct&curr=EUR&gl=IT,
46,1,0d57378e-49a2-4756-9855-f98c00b0c7ca,2024-06-26 23:27:41.258647,29.0,FCO,PMO,2024-07-25 09:20:00,2024-07-25 10:30:00,93.0,0.0,,,ITA,0 days 01:10:00,,https://www.google.com/travel/flights?q=Flights%20to%20PMO%20from%20FCO%20on%202024-07-25%20oneway%20direct&curr=EUR&gl=IT,
46,1,f05c0432-0086-45cf-b5bc-56ab7bf20811,2024-06-26 23:27:41.258647,29.0,FCO,PMO,2024-07-25 12:30:00,2024-07-25 13:40:00,93.0,0.0,,,ITA,0 days 01:10:00,,https://www.google.com/travel/flights?q=Flights%20to%20PMO%20from%20FCO%20on%202024-07-25%20oneway%20direct&curr=EUR&gl=IT,
46,1,69ffafc6-6d90-41de-9bfa-be5e4811254a,2024-06-26 23:27:41.258647,29.0,FCO,PMO,2024-07-25 13:15:00,2024-07-25 14:25:00,93.0,0.0,,,ITA,0 days 01:10:00,,https://www.google.com/travel/flights?q=Flights%20to%20PMO%20from%20FCO%20on%202024-07-25%20oneway%20direct&curr=EUR&gl=IT,
46,1,201241fa-a13f-4af6-a8fe-623f830edb08,2024-06-26 23:27:41.258647,29.0,FCO,PMO,2024-07-25 10:45:00,2024-07-25 11:55:00,110.0,0.0,,,ITA,0 days 01:10:00,,https://www.google.com/travel/flights?q=Flights%20to%20PMO%20from%20FCO%20on%202024-07-25%20oneway%20direct&curr=EUR&gl=IT,
46,2,7ef06075-30b3-4f4d-a75b-cb240dc62caa,2024-06-26 23:27:41.258647,29.0,PMO,FMM,2024-07-25 13:25:00,2024-07-25 15:25:00,17.0,0.0,,,Ryanair,0 days 02:00:00,,https://www.google.com/travel/flights?q=Flights%20to%20FMM%20from%20PMO%20on%202024-07-25%20oneway%20direct&curr=EUR&gl=IT,
47,1,5b3c60c7-2d84-4864-ac92-e7114b0ab87f,2024-06-26 23:27:41.258647,30.0,FCO,PMO,2024-07-26 23:45:00,2024-07-27 00:55:00,33.0,0.0,,,Ryanair,0 days 01:10:00,,https://www.google.com/travel/flights?q=Flights%20to%20PMO%20from%20FCO%20on%202024-07-26%20oneway%20direct&curr=EUR&gl=IT,
47,1,1c41d557-998e-4124-a8ef-5467cbf4d192,2024-06-26 23:27:41.258647,30.0,FCO,PMO,2024-07-26 07:55:00,2024-07-26 09:05:00,37.0,0.0,,,Ryanair,0 days 01:10:00,,https://www.google.com/travel/flights?q=Flights%20to%20PMO%20from%20FCO%20on%202024-07-26%20oneway%20direct&curr=EUR&gl=IT,
47,1,3514430d-9b00-4371-9d43-73881558175b,2024-06-26 23:27:41.258647,30.0,FCO,PMO,2024-07-26 09:05:00,2024-07-26 10:20:00,39.0,0.0,,,AEROITALIA SRL,0 days 01:15:00,,https://www.google.com/travel/flights?q=Flights%20to%20PMO%20from%20FCO%20on%202024-07-26%20oneway%20direct&curr=EUR&gl=IT,
47,1,e239849c-bb9a-48c2-87cc-77173dd4ced4,2024-06-26 23:27:41.258647,30.0,FCO,PMO,2024-07-26 16:20:00,2024-07-26 17:30:00,43.0,0.0,,,Ryanair,0 days 01:10:00,,https://www.google.com/travel/flights?q=Flights%20to%20PMO%20from%20FCO%20on%202024-07-26%20oneway%20direct&curr=EUR&gl=IT,
47,1,2010e7e6-774e-4992-a4a5-90fb66cdbd0e,2024-06-26 23:27:41.258647,30.0,FCO,PMO,2024-07-26 13:35:00,2024-07-26 14:45:00,44.0,0.0,,,AEROITALIA SRL,0 days 01:10:00,,https://www.google.com/travel/flights?q=Flights%20to%20PMO%20from%20FCO%20on%202024-07-26%20oneway%20direct&curr=EUR&gl=IT,
47,1,90ae89fb-34f7-4733-974d-236abb8620d3,2024-06-26 23:27:41.258647,30.0,FCO,PMO,2024-07-26 17:30:00,2024-07-26 18:40:00,44.0,0.0,,,Ryanair,0 days 01:10:00,,https://www.google.com/travel/flights?q=Flights%20to%20PMO%20from%20FCO%20on%202024-07-26%20oneway%20direct&curr=EUR&gl=IT,
47,1,18273dcd-fd08-436c-9748-4f6c663cddea,2024-06-26 23:27:41.258647,30.0,FCO,PMO,2024-07-26 18:55:00,2024-07-26 20:05:00,47.0,0.0,,,Ryanair,0 days 01:10:00,,https://www.google.com/travel/flights?q=Flights%20to%20PMO%20from%20FCO%20on%202024-07-26%20oneway%20direct&curr=EUR&gl=IT,
47,1,f65a9562-08a9-49ab-8330-a84eef945f1f,2024-06-26 23:27:41.258647,30.0,FCO,PMO,2024-07-26 14:15:00,2024-07-26 15:25:00,54.0,0.0,,,Ryanair,0 days 01:10:00,,https://www.google.com/travel/flights?q=Flights%20to%20PMO%20from%20FCO%20on%202024-07-26%20oneway%20direct&curr=EUR&gl=IT,
47,1,25696d9f-0b61-4749-9121-2ca2cffff0f9,2024-06-26 23:27:41.258647,30.0,FCO,PMO,2024-07-26 17:40:00,2024-07-26 18:50:00,59.0,0.0,,,AEROITALIA SRL,0 days 01:10:00,,https://www.google.com/travel/flights?q=Flights%20to%20PMO%20from%20FCO%20on%202024-07-26%20oneway%20direct&curr=EUR&gl=IT,
47,1,5918bf0f-97dc-4ad4-8d60-c0172ee431be,2024-06-26 23:27:41.258647,30.0,FCO,PMO,2024-07-26 21:50:00,2024-07-26 23:00:00,74.0,0.0,,,AEROITALIA SRL,0 days 01:10:00,,https://www.google.com/travel/flights?q=Flights%20to%20PMO%20from%20FCO%20on%202024-07-26%20oneway%20direct&curr=EUR&gl=IT,
47,1,3c3cbac6-8cc3-486f-874d-02afbf4cc65d,2024-06-26 23:27:41.258647,30.0,FCO,PMO,2024-07-26 08:10:00,2024-07-26 09:15:00,75.0,0.0,,,ITA,0 days 01:05:00,,https://www.google.com/travel/flights?q=Flights%20to%20PMO%20from%20FCO%20on%202024-07-26%20oneway%20direct&curr=EUR&gl=IT,
47,1,e60c065f-a965-41ac-aac0-caf63467ea07,2024-06-26 23:27:41.258647,30.0,FCO,PMO,2024-07-26 18:40:00,2024-07-26 19:45:00,75.0,0.0,,,ITA,0 days 01:05:00,,https://www.google.com/travel/flights?q=Flights%20to%20PMO%20from%20FCO%20on%202024-07-26%20oneway%20direct&curr=EUR&gl=IT,
47,1,d0ff0b56-3378-42f2-8f6a-6d34eb373c9a,2024-06-26 23:27:41.258647,30.0,FCO,PMO,2024-07-26 22:10:00,2024-07-26 23:15:00,75.0,0.0,,,ITA,0 days 01:05:00,,https://www.google.com/travel/flights?q=Flights%20to%20PMO%20from%20FCO%20on%202024-07-26%20oneway%20direct&curr=EUR&gl=IT,
47,1,2db89696-f5bf-478b-9593-d88b16c085f4,2024-06-26 23:27:41.258647,30.0,FCO,PMO,2024-07-26 09:20:00,2024-07-26 10:30:00,93.0,0.0,,,ITA,0 days 01:10:00,,https://www.google.com/travel/flights?q=Flights%20to%20PMO%20from%20FCO%20on%202024-07-26%20oneway%20direct&curr=EUR&gl=IT,
47,1,69acb74c-33d0-4c5e-b81e-043cf02776e7,2024-06-26 23:27:41.258647,30.0,FCO,PMO,2024-07-26 20:00:00,2024-07-26 21:05:00,110.0,0.0,,,ITA,0 days 01:05:00,,https://www.google.com/travel/flights?q=Flights%20to%20PMO%20from%20FCO%20on%202024-07-26%20oneway%20direct&curr=EUR&gl=IT,
47,1,84a9c07f-22a9-4770-82db-cb6fda780644,2024-06-26 23:27:41.258647,30.0,FCO,PMO,2024-07-26 13:15:00,2024-07-26 14:25:00,110.0,0.0,,,ITA,0 days 01:10:00,,https://www.google.com/travel/flights?q=Flights%20to%20PMO%20from%20FCO%20on%202024-07-26%20oneway%20direct&curr=EUR&gl=IT,
47,1,75c48323-4ab0-48aa-a0db-0bea5fa354a9,2024-06-26 23:27:41.258647,30.0,FCO,PMO,2024-07-26 17:10:00,2024-07-26 18:15:00,126.0,0.0,,,ITA,0 days 01:05:00,,https://www.google.com/travel/flights?q=Flights%20to%20PMO%20from%20FCO%20on%202024-07-26%20oneway%20direct&curr=EUR&gl=IT,
47,1,ba1270fb-c0f4-4bdd-8e15-2941cb5b45c9,2024-06-26 23:27:41.258647,30.0,FCO,PMO,2024-07-26 21:25:00,2024-07-26 22:35:00,126.0,0.0,,,ITA,0 days 01:10:00,,https://www.google.com/travel/flights?q=Flights%20to%20PMO%20from%20FCO%20on%202024-07-26%20oneway%20direct&curr=EUR&gl=IT,
47,1,e02ab085-fb0a-4da5-b0fb-a9c1d88dc7b3,2024-06-26 23:27:41.258647,30.0,FCO,PMO,2024-07-26 10:45:00,2024-07-26 11:55:00,144.0,0.0,,,ITA,0 days 01:10:00,,https://www.google.com/travel/flights?q=Flights%20to%20PMO%20from%20FCO%20on%202024-07-26%20oneway%20direct&curr=EUR&gl=IT,
47,1,e35e07ae-ea4c-49f7-8a03-fb488b8e6158,2024-06-26 23:27:41.258647,30.0,FCO,PMO,2024-07-26 12:50:00,2024-07-26 14:00:00,164.0,0.0,,,ITA,0 days 01:10:00,,https://www.google.com/travel/flights?q=Flights%20to%20PMO%20from%20FCO%20on%202024-07-26%20oneway%20direct&curr=EUR&gl=IT,
47,2,9817c810-8d30-4752-b8dd-633557ee5b20,2024-06-26 23:27:41.258647,30.0,PMO,FMM,2024-07-26 19:55:00,2024-07-26 21:55:00,35.0,0.0,,,Ryanair,0 days 02:00:00,,https://www.google.com/travel/flights?q=Flights%20to%20FMM%20from%20PMO%20on%202024-07-26%20oneway%20direct&curr=EUR&gl=IT,
48,1,0fa0ca57-664c-4570-9b66-1b523c715378,2024-06-26 23:27:41.258647,29.0,FCO,PMI,2024-07-25 20:25:00,2024-07-25 22:10:00,30.0,0.0,,,Ryanair,0 days 01:45:00,,https://www.google.com/travel/flights?q=Flights%20to%20PMI%20from%20FCO%20on%202024-07-25%20oneway%20direct&curr=EUR&gl=IT,
48,1,5acdf92b-06f9-4c07-83e5-399382f22dce,2024-06-26 23:27:41.258647,29.0,FCO,PMI,2024-07-25 15:20:00,2024-07-25 17:10:00,46.0,0.0,,,Wizz Air,0 days 01:50:00,,https://www.google.com/travel/flights?q=Flights%20to%20PMI%20from%20FCO%20on%202024-07-25%20oneway%20direct&curr=EUR&gl=IT,
48,1,9c386262-4a01-40f7-8e12-c5a0baaf136b,2024-06-26 23:27:41.258647,29.0,FCO,PMI,2024-07-25 07:05:00,2024-07-25 08:50:00,100.0,0.0,,,Ryanair,0 days 01:45:00,,https://www.google.com/travel/flights?q=Flights%20to%20PMI%20from%20FCO%20on%202024-07-25%20oneway%20direct&curr=EUR&gl=IT,
48,1,6590cb57-eace-450a-9480-f26c2f0ba1f6,2024-06-26 23:27:41.258647,29.0,FCO,PMI,2024-07-25 11:20:00,2024-07-25 13:05:00,176.0,0.0,,,ITA,0 days 01:45:00,,https://www.google.com/travel/flights?q=Flights%20to%20PMI%20from%20FCO%20on%202024-07-25%20oneway%20direct&curr=EUR&gl=IT,
48,2,64089839-b219-4a2a-8df1-117725b735be,2024-06-26 23:27:41.258647,29.0,PMI,FMM,2024-07-25 06:00:00,2024-07-25 08:10:00,22.0,0.0,,,Ryanair,0 days 02:10:00,,https://www.google.com/travel/flights?q=Flights%20to%20FMM%20from%20PMI%20on%202024-07-25%20oneway%20direct&curr=EUR&gl=IT,
48,2,756f7473-1c12-4944-80ff-2f832099f2fa,2024-06-26 23:27:41.258647,29.0,PMI,FMM,2024-07-25 18:30:00,2024-07-25 20:40:00,44.0,0.0,,,Ryanair,0 days 02:10:00,,https://www.google.com/travel/flights?q=Flights%20to%20FMM%20from%20PMI%20on%202024-07-25%20oneway%20direct&curr=EUR&gl=IT,
48,2,4234e123-3433-4e77-8271-16e21c3cdf45,2024-06-26 23:27:41.258647,29.0,PMI,FMM,2024-07-25 08:10:00,2024-07-25 10:15:00,55.0,0.0,,,Eurowings,0 days 02:05:00,,https://www.google.com/travel/flights?q=Flights%20to%20FMM%20from%20PMI%20on%202024-07-25%20oneway%20direct&curr=EUR&gl=IT,
49,1,a56785e5-d58a-47d7-af3e-0db8345325c5,2024-06-26 23:27:41.258647,30.0,FCO,PMI,2024-07-26 15:25:00,2024-07-26 17:15:00,46.0,0.0,,,Wizz Air,0 days 01:50:00,,https://www.google.com/travel/flights?q=Flights%20to%20PMI%20from%20FCO%20on%202024-07-26%20oneway%20direct&curr=EUR&gl=IT,
49,1,57a37aa1-b848-4e3f-80c2-c8467db90eb0,2024-06-26 23:27:41.258647,30.0,FCO,PMI,2024-07-26 19:05:00,2024-07-26 20:55:00,50.0,0.0,,,Vueling,0 days 01:50:00,,https://www.google.com/travel/flights?q=Flights%20to%20PMI%20from%20FCO%20on%202024-07-26%20oneway%20direct&curr=EUR&gl=IT,
49,1,8bc499d0-101d-4d81-8046-e3bb7b5dab4f,2024-06-26 23:27:41.258647,30.0,FCO,PMI,2024-07-26 10:15:00,2024-07-26 12:00:00,64.0,0.0,,,ITA,0 days 01:45:00,,https://www.google.com/travel/flights?q=Flights%20to%20PMI%20from%20FCO%20on%202024-07-26%20oneway%20direct&curr=EUR&gl=IT,
49,1,422625f4-3c1d-45d7-b413-8b448e5805d0,2024-06-26 23:27:41.258647,30.0,FCO,PMI,2024-07-26 11:20:00,2024-07-26 13:05:00,98.0,0.0,,,Ryanair,0 days 01:45:00,,https://www.google.com/travel/flights?q=Flights%20to%20PMI%20from%20FCO%20on%202024-07-26%20oneway%20direct&curr=EUR&gl=IT,
49,1,dc87318a-193a-4d16-836f-7984847ced9b,2024-06-26 23:27:41.258647,30.0,FCO,PMI,2024-07-26 13:55:00,2024-07-26 15:40:00,149.0,0.0,,,ITA,0 days 01:45:00,,https://www.google.com/travel/flights?q=Flights%20to%20PMI%20from%20FCO%20on%202024-07-26%20oneway%20direct&curr=EUR&gl=IT,
49,2,f1fb9d74-41cc-4115-916f-a4c09efbf65b,2024-06-26 23:27:41.258647,30.0,PMI,FMM,2024-07-26 13:25:00,2024-07-26 15:35:00,86.0,0.0,,,Ryanair,0 days 02:10:00,,https://www.google.com/travel/flights?q=Flights%20to%20FMM%20from%20PMI%20on%202024-07-26%20oneway%20direct&curr=EUR&gl=IT,
49,2,f71210cd-9806-41e6-8a83-d617e68e4c39,2024-06-26 23:27:41.258647,30.0,PMI,FMM,2024-07-26 18:45:00,2024-07-26 20:55:00,98.0,0.0,,,Ryanair,0 days 02:10:00,,https://www.google.com/travel/flights?q=Flights%20to%20FMM%20from%20PMI%20on%202024-07-26%20oneway%20direct&curr=EUR&gl=IT,
50,1,1c93353e-bc25-4c7e-865d-501b97565d68,2024-06-26 23:27:41.258647,29.0,FCO,OPO,2024-07-25 06:45:00,2024-07-25 08:50:00,115.0,0.0,,,Wizz Air,0 days 03:05:00,,https://www.google.com/travel/flights?q=Flights%20to%20OPO%20from%20FCO%20on%202024-07-25%20oneway%20direct&curr=EUR&gl=IT,
51,1,ba02997f-53ef-48e4-bf33-11c16ca449da,2024-06-26 23:27:41.258647,30.0,FCO,OPO,2024-07-26 17:45:00,2024-07-26 19:50:00,125.0,0.0,,,Wizz Air,0 days 03:05:00,,https://www.google.com/travel/flights?q=Flights%20to%20OPO%20from%20FCO%20on%202024-07-26%20oneway%20direct&curr=EUR&gl=IT,
51,2,21698e8a-db2d-4df8-87ec-c737f3ef35d8,2024-06-26 23:27:41.258647,30.0,OPO,FMM,2024-07-26 18:10:00,2024-07-26 21:55:00,51.0,0.0,,,Ryanair,0 days 02:45:00,,https://www.google.com/travel/flights?q=Flights%20to%20FMM%20from%20OPO%20on%202024-07-26%20oneway%20direct&curr=EUR&gl=IT,
53,2,6f51e92f-e8a2-4766-9498-d135e6a1086f,2024-06-26 23:27:41.258647,30.0,RHO,FMM,2024-07-26 10:20:00,2024-07-26 12:25:00,39.0,0.0,,,Ryanair,0 days 03:05:00,,https://www.google.com/travel/flights?q=Flights%20to%20FMM%20from%20RHO%20on%202024-07-26%20oneway%20direct&curr=EUR&gl=IT,
54,1,b3ad895e-2788-4cbd-bb9e-5f0c035cf8ff,2024-06-26 23:27:41.258647,29.0,FCO,RIX,2024-07-25 14:20:00,2024-07-25 18:20:00,225.0,0.0,,,Air Baltic,0 days 03:00:00,,https://www.google.com/travel/flights?q=Flights%20to%20RIX%20from%20FCO%20on%202024-07-25%20oneway%20direct&curr=EUR&gl=IT,
55,1,87d3e286-8c94-4b99-8148-2a3779862f5b,2024-06-26 23:27:41.258647,30.0,FCO,RIX,2024-07-26 14:20:00,2024-07-26 18:20:00,197.0,0.0,,,Air Baltic,0 days 03:00:00,,https://www.google.com/travel/flights?q=Flights%20to%20RIX%20from%20FCO%20on%202024-07-26%20oneway%20direct&curr=EUR&gl=IT,
56,1,fd8ea735-85d3-4167-859e-d732b8dab71b,2024-06-26 23:27:41.258647,29.0,FCO,SOF,2024-07-25 11:55:00,2024-07-25 15:00:00,97.0,0.0,,,Bulgaria Air,0 days 02:05:00,,https://www.google.com/travel/flights?q=Flights%20to%20SOF%20from%20FCO%20on%202024-07-25%20oneway%20direct&curr=EUR&gl=IT,
56,1,377d61c6-cb1a-4595-aff3-d2663b230dec,2024-06-26 23:27:41.258647,29.0,FCO,SOF,2024-07-25 14:25:00,2024-07-25 17:10:00,113.0,0.0,,,ITA,0 days 01:45:00,,https://www.google.com/travel/flights?q=Flights%20to%20SOF%20from%20FCO%20on%202024-07-25%20oneway%20direct&curr=EUR&gl=IT,
56,2,6822fd69-270a-4724-a388-78098027160d,2024-06-26 23:27:41.258647,29.0,SOF,FMM,2024-07-25 05:55:00,2024-07-25 07:00:00,20.0,0.0,,,Ryanair,0 days 02:05:00,,https://www.google.com/travel/flights?q=Flights%20to%20FMM%20from%20SOF%20on%202024-07-25%20oneway%20direct&curr=EUR&gl=IT,
56,2,15f96ad3-4718-44a0-917b-51541de9e92b,2024-06-26 23:27:41.258647,29.0,SOF,FMM,2024-07-25 07:40:00,2024-07-25 08:55:00,32.0,0.0,,,Wizz Air,0 days 02:15:00,,https://www.google.com/travel/flights?q=Flights%20to%20FMM%20from%20SOF%20on%202024-07-25%20oneway%20direct&curr=EUR&gl=IT,
57,1,c32338e0-c192-4570-9adc-a349830c11af,2024-06-26 23:27:41.258647,30.0,FCO,SOF,2024-07-26 15:15:00,2024-07-26 18:05:00,90.0,0.0,,,Wizz Air,0 days 01:50:00,,https://www.google.com/travel/flights?q=Flights%20to%20SOF%20from%20FCO%20on%202024-07-26%20oneway%20direct&curr=EUR&gl=IT,
57,1,57da15f8-dc1f-40a8-bad6-453b563f8f50,2024-06-26 23:27:41.258647,30.0,FCO,SOF,2024-07-26 14:25:00,2024-07-26 17:10:00,113.0,0.0,,,ITA,0 days 01:45:00,,https://www.google.com/travel/flights?q=Flights%20to%20SOF%20from%20FCO%20on%202024-07-26%20oneway%20direct&curr=EUR&gl=IT,
58,1,11d87953-28b9-49de-81a3-1fb572d9e59b,2024-06-26 23:27:41.258647,29.0,FCO,TFS,2024-07-25 08:10:00,2024-07-25 11:50:00,120.0,0.0,,,Wizz Air,0 days 04:40:00,,https://www.google.com/travel/flights?q=Flights%20to%20TFS%20from%20FCO%20on%202024-07-25%20oneway%20direct&curr=EUR&gl=IT,
58,2,a93290b3-633d-4fdc-b915-7d67e9af35c4,2024-06-26 23:27:41.258647,29.0,TFS,FMM,2024-07-25 10:20:00,2024-07-25 16:00:00,124.0,0.0,,,Ryanair,0 days 04:40:00,,https://www.google.com/travel/flights?q=Flights%20to%20FMM%20from%20TFS%20on%202024-07-25%20oneway%20direct&curr=EUR&gl=IT,
59,1,3d69686c-3ab8-4be9-b9a9-5d50bf984a64,2024-06-26 23:27:41.258647,30.0,FCO,TFS,2024-07-26 11:50:00,2024-07-26 15:25:00,109.0,0.0,,,Ryanair,0 days 04:35:00,,https://www.google.com/travel/flights?q=Flights%20to%20TFS%20from%20FCO%20on%202024-07-26%20oneway%20direct&curr=EUR&gl=IT,
59,1,faeaf6c3-e454-410e-b7b7-7bd3b284f5ff,2024-06-26 23:27:41.258647,30.0,FCO,TFS,2024-07-26 06:10:00,2024-07-26 09:50:00,160.0,0.0,,,Wizz Air,0 days 04:40:00,,https://www.google.com/travel/flights?q=Flights%20to%20TFS%20from%20FCO%20on%202024-07-26%20oneway%20direct&curr=EUR&gl=IT,
60,2,d4795be8-c617-453a-b8a8-86d9ce46cf17,2024-06-26 23:27:41.258647,29.0,SKG,FMM,2024-07-25 20:25:00,2024-07-25 21:40:00,19.0,0.0,,,Ryanair,0 days 02:15:00,,https://www.google.com/travel/flights?q=Flights%20to%20FMM%20from%20SKG%20on%202024-07-25%20oneway%20direct&curr=EUR&gl=IT,
61,1,7f854dfb-fcb4-4dde-bcc1-ef18a6feed21,2024-06-26 23:27:41.258647,30.0,FCO,SKG,2024-07-26 15:20:00,2024-07-26 18:00:00,354.0,0.0,,,AegeanVolotea,0 days 01:40:00,,https://www.google.com/travel/flights?q=Flights%20to%20SKG%20from%20FCO%20on%202024-07-26%20oneway%20direct&curr=EUR&gl=IT,
62,1,eba17479-d0c9-4d8c-9ead-ce091dfd0d75,2024-06-26 23:27:41.258647,29.0,FCO,TIA,2024-07-25 12:45:00,2024-07-25 14:20:00,36.0,0.0,,,Wizz Air,0 days 01:35:00,,https://www.google.com/travel/flights?q=Flights%20to%20TIA%20from%20FCO%20on%202024-07-25%20oneway%20direct&curr=EUR&gl=IT,
62,1,00bf96c9-a40b-4723-96cd-2dee79e32b58,2024-06-26 23:27:41.258647,29.0,FCO,TIA,2024-07-25 23:30:00,2024-07-26 01:05:00,40.0,0.0,,,Wizz Air,0 days 01:35:00,,https://www.google.com/travel/flights?q=Flights%20to%20TIA%20from%20FCO%20on%202024-07-25%20oneway%20direct&curr=EUR&gl=IT,
62,1,1e7137a7-79cc-483d-a02a-19debe5f8741,2024-06-26 23:27:41.258647,29.0,FCO,TIA,2024-07-25 15:00:00,2024-07-25 16:35:00,62.0,0.0,,,Wizz Air,0 days 01:35:00,,https://www.google.com/travel/flights?q=Flights%20to%20TIA%20from%20FCO%20on%202024-07-25%20oneway%20direct&curr=EUR&gl=IT,
62,1,3f8e60bb-1d19-4ed3-a034-c748923a8356,2024-06-26 23:27:41.258647,29.0,FCO,TIA,2024-07-25 23:00:00,2024-07-26 00:30:00,77.0,0.0,,,ITA,0 days 01:30:00,,https://www.google.com/travel/flights?q=Flights%20to%20TIA%20from%20FCO%20on%202024-07-25%20oneway%20direct&curr=EUR&gl=IT,
62,1,142d87a9-f546-4026-926e-2da5ea6cfa74,2024-06-26 23:27:41.258647,29.0,FCO,TIA,2024-07-25 09:15:00,2024-07-25 10:40:00,239.0,0.0,,,ITA,0 days 01:25:00,,https://www.google.com/travel/flights?q=Flights%20to%20TIA%20from%20FCO%20on%202024-07-25%20oneway%20direct&curr=EUR&gl=IT,
62,2,5f326086-6821-4f70-b3db-3e1e4cf87861,2024-06-26 23:27:41.258647,29.0,TIA,FMM,2024-07-25 15:45:00,2024-07-25 17:50:00,40.0,0.0,,,Wizz Air,0 days 02:05:00,,https://www.google.com/travel/flights?q=Flights%20to%20FMM%20from%20TIA%20on%202024-07-25%20oneway%20direct&curr=EUR&gl=IT,
63,1,f268ccf2-40bb-4428-ad60-32d42399555d,2024-06-26 23:27:41.258647,30.0,FCO,TIA,2024-07-26 21:35:00,2024-07-26 23:10:00,46.0,0.0,,,Wizz Air,0 days 01:35:00,,https://www.google.com/travel/flights?q=Flights%20to%20TIA%20from%20FCO%20on%202024-07-26%20oneway%20direct&curr=EUR&gl=IT,
63,1,c7614f78-583e-425c-98b2-8ee4159a2b39,2024-06-26 23:27:41.258647,30.0,FCO,TIA,2024-07-26 18:45:00,2024-07-26 20:15:00,62.0,0.0,,,Wizz Air,0 days 01:30:00,,https://www.google.com/travel/flights?q=Flights%20to%20TIA%20from%20FCO%20on%202024-07-26%20oneway%20direct&curr=EUR&gl=IT,
63,1,e5081594-ffc4-41ac-a22f-0db15c9c7f0e,2024-06-26 23:27:41.258647,30.0,FCO,TIA,2024-07-26 08:25:00,2024-07-26 10:00:00,70.0,0.0,,,Wizz Air,0 days 01:35:00,,https://www.google.com/travel/flights?q=Flights%20to%20TIA%20from%20FCO%20on%202024-07-26%20oneway%20direct&curr=EUR&gl=IT,
63,1,e702c75b-93e2-471c-b719-a56fb579c47d,2024-06-26 23:27:41.258647,30.0,FCO,TIA,2024-07-26 23:00:00,2024-07-27 00:30:00,74.0,0.0,,,ITA,0 days 01:30:00,,https://www.google.com/travel/flights?q=Flights%20to%20TIA%20from%20FCO%20on%202024-07-26%20oneway%20direct&curr=EUR&gl=IT,
63,1,59c6e202-1bb5-472e-bd88-e407f34e7f05,2024-06-26 23:27:41.258647,30.0,FCO,TIA,2024-07-26 12:00:00,2024-07-26 13:25:00,451.0,0.0,,,ITA,0 days 01:25:00,,https://www.google.com/travel/flights?q=Flights%20to%20TIA%20from%20FCO%20on%202024-07-26%20oneway%20direct&curr=EUR&gl=IT,
63,2,d0705e0d-4efd-4098-af2d-35dc61ed5912,2024-06-26 23:27:41.258647,30.0,TIA,FMM,2024-07-26 16:10:00,2024-07-26 18:15:00,40.0,0.0,,,Wizz Air,0 days 02:05:00,,https://www.google.com/travel/flights?q=Flights%20to%20FMM%20from%20TIA%20on%202024-07-26%20oneway%20direct&curr=EUR&gl=IT,
64,1,fd8c3a89-a407-4700-a008-a7586cdfb952,2024-06-26 23:27:41.258647,29.0,FCO,VLC,2024-07-25 06:25:00,2024-07-25 08:35:00,61.0,0.0,,,Ryanair,0 days 02:10:00,,https://www.google.com/travel/flights?q=Flights%20to%20VLC%20from%20FCO%20on%202024-07-25%20oneway%20direct&curr=EUR&gl=IT,
64,1,32385ee5-f4b4-41dd-b0c6-1146493cb43e,2024-06-26 23:27:41.258647,29.0,FCO,VLC,2024-07-25 19:20:00,2024-07-25 21:30:00,62.0,0.0,,,Ryanair,0 days 02:10:00,,https://www.google.com/travel/flights?q=Flights%20to%20VLC%20from%20FCO%20on%202024-07-25%20oneway%20direct&curr=EUR&gl=IT,
64,1,82262a1e-f055-4e1c-bcfe-bcc9d65746e4,2024-06-26 23:27:41.258647,29.0,FCO,VLC,2024-07-25 18:40:00,2024-07-25 20:45:00,96.0,0.0,,,VuelingIberia,0 days 02:05:00,,https://www.google.com/travel/flights?q=Flights%20to%20VLC%20from%20FCO%20on%202024-07-25%20oneway%20direct&curr=EUR&gl=IT,
65,1,48ab9f72-2314-4c0e-9a6b-c0b0a656d174,2024-06-26 23:27:41.258647,30.0,FCO,VLC,2024-07-26 14:50:00,2024-07-26 16:55:00,80.0,0.0,,,Wizz Air,0 days 02:05:00,,https://www.google.com/travel/flights?q=Flights%20to%20VLC%20from%20FCO%20on%202024-07-26%20oneway%20direct&curr=EUR&gl=IT,
65,1,a283cb1f-a402-4e32-b6e8-38a9fd689d26,2024-06-26 23:27:41.258647,30.0,FCO,VLC,2024-07-26 22:00:00,2024-07-27 00:10:00,91.0,0.0,,,Ryanair,0 days 02:10:00,,https://www.google.com/travel/flights?q=Flights%20to%20VLC%20from%20FCO%20on%202024-07-26%20oneway%20direct&curr=EUR&gl=IT,
65,1,40a59fcf-4f28-4a53-bb79-7d37d0fc66c7,2024-06-26 23:27:41.258647,30.0,FCO,VLC,2024-07-26 10:55:00,2024-07-26 13:05:00,112.0,0.0,,,Ryanair,0 days 02:10:00,,https://www.google.com/travel/flights?q=Flights%20to%20VLC%20from%20FCO%20on%202024-07-26%20oneway%20direct&curr=EUR&gl=IT,
65,1,e8fe6d67-93ad-4729-a35d-c52eb176a9de,2024-06-26 23:27:41.258647,30.0,FCO,VLC,2024-07-26 09:10:00,2024-07-26 11:25:00,122.0,0.0,,,VuelingIberia,0 days 02:15:00,,https://www.google.com/travel/flights?q=Flights%20to%20VLC%20from%20FCO%20on%202024-07-26%20oneway%20direct&curr=EUR&gl=IT,
67,1,1e3df7e5-e334-4db9-84b4-a56e6bdf6923,2024-06-26 23:27:41.258647,30.0,FCO,ZAG,2024-07-26 17:45:00,2024-07-26 19:10:00,52.0,0.0,,,Ryanair,0 days 01:25:00,,https://www.google.com/travel/flights?q=Flights%20to%20ZAG%20from%20FCO%20on%202024-07-26%20oneway%20direct&curr=EUR&gl=IT,
68,1,20896a6b-5288-4cbf-9e4f-2439f6d621c8,2024-06-26 23:27:41.258647,29.0,FCO,CLJ,2024-07-25 21:45:00,2024-07-26 00:50:00,100.0,0.0,,,Wizz Air,0 days 02:05:00,,https://www.google.com/travel/flights?q=Flights%20to%20CLJ%20from%20FCO%20on%202024-07-25%20oneway%20direct&curr=EUR&gl=IT,
69,2,d281ff1f-0229-43c1-bf95-d35f9290feef,2024-06-26 23:27:41.258647,30.0,CLJ,FMM,2024-07-26 07:10:00,2024-07-26 08:05:00,38.0,0.0,,,Wizz Air,0 days 01:55:00,,https://www.google.com/travel/flights?q=Flights%20to%20FMM%20from%20CLJ%20on%202024-07-26%20oneway%20direct&curr=EUR&gl=IT,
70,1,a868f5eb-2c2b-48f9-b950-ca62d533ea95,2024-06-26 23:27:41.258647,29.0,FCO,TLV,2024-07-25 10:00:00,2024-07-25 14:25:00,156.0,0.0,,,El Al,0 days 03:25:00,,https://www.google.com/travel/flights?q=Flights%20to%20TLV%20from%20FCO%20on%202024-07-25%20oneway%20direct&curr=EUR&gl=IT,
70,1,8bd21dfd-6fd5-4810-913e-419c2396e993,2024-06-26 23:27:41.258647,29.0,FCO,TLV,2024-07-25 21:50:00,2024-07-26 02:10:00,157.0,0.0,,,El Al,0 days 03:20:00,,https://www.google.com/travel/flights?q=Flights%20to%20TLV%20from%20FCO%20on%202024-07-25%20oneway%20direct&curr=EUR&gl=IT,
70,1,f20bbd85-3e63-4a39-bec8-f07f1c8bf280,2024-06-26 23:27:41.258647,29.0,FCO,TLV,2024-07-25 06:15:00,2024-07-25 10:45:00,180.0,0.0,,,Wizz Air,0 days 03:30:00,,https://www.google.com/travel/flights?q=Flights%20to%20TLV%20from%20FCO%20on%202024-07-25%20oneway%20direct&curr=EUR&gl=IT,
70,1,37ba37cd-d388-4a9f-8f81-239e6cf7158f,2024-06-26 23:27:41.258647,29.0,FCO,TLV,2024-07-25 09:10:00,2024-07-25 13:30:00,202.0,0.0,,,ITA,0 days 03:20:00,,https://www.google.com/travel/flights?q=Flights%20to%20TLV%20from%20FCO%20on%202024-07-25%20oneway%20direct&curr=EUR&gl=IT,
70,1,4cb21405-bd14-45f3-9d56-45ac38c578cf,2024-06-26 23:27:41.258647,29.0,FCO,TLV,2024-07-25 22:50:00,2024-07-26 03:10:00,221.0,0.0,,,ITA,0 days 03:20:00,,https://www.google.com/travel/flights?q=Flights%20to%20TLV%20from%20FCO%20on%202024-07-25%20oneway%20direct&curr=EUR&gl=IT,
71,1,a3eaa246-6d24-444f-8587-f847bf7f96cb,2024-06-26 23:27:41.258647,30.0,FCO,TLV,2024-07-26 16:45:00,2024-07-26 21:05:00,188.0,0.0,,,Arkia,0 days 03:20:00,,https://www.google.com/travel/flights?q=Flights%20to%20TLV%20from%20FCO%20on%202024-07-26%20oneway%20direct&curr=EUR&gl=IT,
71,1,c4c44252-b41c-46d6-a3bc-7d2a5a27b5fb,2024-06-26 23:27:41.258647,30.0,FCO,TLV,2024-07-26 09:10:00,2024-07-26 13:30:00,333.0,0.0,,,ITA,0 days 03:20:00,,https://www.google.com/travel/flights?q=Flights%20to%20TLV%20from%20FCO%20on%202024-07-26%20oneway%20direct&curr=EUR&gl=IT,
71,1,6e7ae87b-23ec-4634-a3fc-2ad40a47d52c,2024-06-26 23:27:41.258647,30.0,FCO,TLV,2024-07-26 22:50:00,2024-07-27 03:10:00,403.0,0.0,,,ITA,0 days 03:20:00,,https://www.google.com/travel/flights?q=Flights%20to%20TLV%20from%20FCO%20on%202024-07-26%20oneway%20direct&curr=EUR&gl=IT,
71,1,7c003a79-8e6d-4d4c-bdc2-9a720a94739e,2024-06-26 23:27:41.258647,30.0,FCO,TLV,2024-07-26 12:10:00,2024-07-26 16:25:00,1313.0,0.0,,,El Al,0 days 03:15:00,,https://www.google.com/travel/flights?q=Flights%20to%20TLV%20from%20FCO%20on%202024-07-26%20oneway%20direct&curr=EUR&gl=IT,
72,1,5671dd16-2059-49a4-b2d7-e8e3a40dfca8,2024-06-26 23:27:41.258647,29.0,FCO,AMM,2024-07-25 15:55:00,2024-07-25 20:35:00,230.0,0.0,,,Royal Jordanian,0 days 03:40:00,,https://www.google.com/travel/flights?q=Flights%20to%20AMM%20from%20FCO%20on%202024-07-25%20oneway%20direct&curr=EUR&gl=IT,
73,1,9355846b-cec7-4039-823a-a9e01221afca,2024-06-26 23:27:41.258647,30.0,FCO,AMM,2024-07-26 15:55:00,2024-07-26 20:35:00,230.0,0.0,,,Royal Jordanian,0 days 03:40:00,,https://www.google.com/travel/flights?q=Flights%20to%20AMM%20from%20FCO%20on%202024-07-26%20oneway%20direct&curr=EUR&gl=IT,
76,2,d9313fac-a563-4ca7-af52-fca95f6824d0,2024-06-26 23:27:41.258647,29.0,SBZ,FMM,2024-07-25 07:25:00,2024-07-25 08:20:00,49.0,0.0,,,Wizz Air,0 days 01:55:00,,https://www.google.com/travel/flights?q=Flights%20to%20FMM%20from%20SBZ%20on%202024-07-25%20oneway%20direct&curr=EUR&gl=IT,
77,2,298e4dae-dc68-4ffc-8db4-b6b878ae26b8,2024-06-26 23:27:41.258647,30.0,SBZ,FMM,2024-07-26 07:25:00,2024-07-26 08:20:00,42.0,0.0,,,Wizz Air,0 days 01:55:00,,https://www.google.com/travel/flights?q=Flights%20to%20FMM%20from%20SBZ%20on%202024-07-26%20oneway%20direct&curr=EUR&gl=IT,
78,1,56f04f58-4a6d-4d04-80c9-79d5fb86b1fd,2024-06-26 23:27:41.258647,29.0,FCO,IAS,2024-07-25 15:55:00,2024-07-25 19:20:00,135.0,0.0,,,Wizz Air,0 days 02:25:00,,https://www.google.com/travel/flights?q=Flights%20to%20IAS%20from%20FCO%20on%202024-07-25%20oneway%20direct&curr=EUR&gl=IT,
78,2,47a551b2-a632-49d8-be0e-cdfb91101b6f,2024-06-26 23:27:41.258647,29.0,IAS,FMM,2024-07-25 15:10:00,2024-07-25 16:35:00,49.0,0.0,,,Wizz Air,0 days 02:25:00,,https://www.google.com/travel/flights?q=Flights%20to%20FMM%20from%20IAS%20on%202024-07-25%20oneway%20direct&curr=EUR&gl=IT,
79,1,b1008f83-f394-408f-bf69-877333cfbf1a,2024-06-26 23:27:41.258647,30.0,FCO,IAS,2024-07-26 15:55:00,2024-07-26 19:20:00,150.0,0.0,,,Wizz Air,0 days 02:25:00,,https://www.google.com/travel/flights?q=Flights%20to%20IAS%20from%20FCO%20on%202024-07-26%20oneway%20direct&curr=EUR&gl=IT,
81,1,b41c92c8-77f8-4051-9564-63d539dc18a9,2024-06-26 23:27:41.258647,30.0,FCO,SCV,2024-07-26 17:50:00,2024-07-26 21:10:00,100.0,0.0,,,Wizz Air,0 days 02:20:00,,https://www.google.com/travel/flights?q=Flights%20to%20SCV%20from%20FCO%20on%202024-07-26%20oneway%20direct&curr=EUR&gl=IT,
81,2,4e1dd7db-6780-464e-bed6-818d9398600e,2024-06-26 23:27:41.258647,30.0,SCV,FMM,2024-07-26 13:05:00,2024-07-26 14:15:00,75.0,0.0,,,Wizz Air,0 days 02:10:00,,https://www.google.com/travel/flights?q=Flights%20to%20FMM%20from%20SCV%20on%202024-07-26%20oneway%20direct&curr=EUR&gl=IT,
